model,task,method,seed,run_id,metadata_sha256,config_hash,matrix_membership,analysis_context,endpoint,metric,metric_direction,unit,value,training_seconds,initialization_seconds,training_plus_initialization_seconds,evaluation_seconds,evaluation_result_sha256,prediction_sha256
openpangu,cmmlu,iid_matched,42,openpangu__cmmlu__all_linear__iid_matched__s42__n2500,e1ee4af1f394b431972d392210af425215629f9cb026000cb421c7ec3ee542b9,3a55eecc2032a8fabf55d308c6455aac85b8d03850d111ce33d5762eefd5c7f9,"[""scope""]",scope_all_linear,step_000500,raw_auc500,lower,loss_step,506.89710510894656,1126.4598385310674,2.614530991006177,1129.0743695220735,,,
openpangu,cmmlu,iid_matched,42,openpangu__cmmlu__all_linear__iid_matched__s42__n2500,e1ee4af1f394b431972d392210af425215629f9cb026000cb421c7ec3ee542b9,3a55eecc2032a8fabf55d308c6455aac85b8d03850d111ce33d5762eefd5c7f9,"[""scope""]",scope_all_linear,step_002500,final_train_loss,lower,loss,0.173104552552104,5628.946788276313,2.614530991006177,5631.561319267319,,,
openpangu,cmmlu,iid_matched,42,openpangu__cmmlu__all_linear__iid_matched__s42__n2500,e1ee4af1f394b431972d392210af425215629f9cb026000cb421c7ec3ee542b9,3a55eecc2032a8fabf55d308c6455aac85b8d03850d111ce33d5762eefd5c7f9,"[""scope""]",scope_all_linear,step_002500,macro_accuracy,higher,score,0.5724003869704435,5628.946788276313,2.614530991006177,5631.561319267319,20900.470484538004,7d228ba44e1fbe920b46534e4e41409192502d83e5e6d067044d3cb0d28863de,2f801f47f36ff81d56379c2cf7f39f6c33d27be558f398f21b598c4d65f68a12
openpangu,cmmlu,iid_matched,123,openpangu__cmmlu__all_linear__iid_matched__s123__n2500,dc30c7feb9de5f36ed143fb9bcf632074eb95643e3c45a8baf23fd2aa9c3d789,6c32a20502ca5099bb7589374006057d8b84c6d5ba22dffac6063628c7fa6beb,"[""scope""]",scope_all_linear,step_000500,raw_auc500,lower,loss_step,491.9861350134015,1110.434746754734,2.516852567991009,1112.951599322725,,,
openpangu,cmmlu,iid_matched,123,openpangu__cmmlu__all_linear__iid_matched__s123__n2500,dc30c7feb9de5f36ed143fb9bcf632074eb95643e3c45a8baf23fd2aa9c3d789,6c32a20502ca5099bb7589374006057d8b84c6d5ba22dffac6063628c7fa6beb,"[""scope""]",scope_all_linear,step_002500,final_train_loss,lower,loss,0.1343919038772583,5564.665004317387,2.516852567991009,5567.181856885378,,,
openpangu,cmmlu,iid_matched,123,openpangu__cmmlu__all_linear__iid_matched__s123__n2500,dc30c7feb9de5f36ed143fb9bcf632074eb95643e3c45a8baf23fd2aa9c3d789,6c32a20502ca5099bb7589374006057d8b84c6d5ba22dffac6063628c7fa6beb,"[""scope""]",scope_all_linear,step_002500,macro_accuracy,higher,score,0.5781918462609139,5564.665004317387,2.516852567991009,5567.181856885378,20619.93964811298,2955c1507a2c2fa37e30d89a38cd1e0286cd137947e73b9462f7a03979384540,31ed02e0764aa637e72a4557682b41408e0684d457e7a05d6a7eb1368806989f
openpangu,cmmlu,iid_matched,1107,openpangu__cmmlu__all_linear__iid_matched__s1107__n2500,5333378816d274d62f8066d3025afefe4ab5726024d50e102be3967aafc8b08a,7ab4af0aeae7857601265c95302f0b0d7418a89ff737ed487b32ae7ee4066b40,"[""scope""]",scope_all_linear,step_000500,raw_auc500,lower,loss_step,501.5746684889309,1128.0278729629354,2.560439297987614,1130.588312260923,,,
openpangu,cmmlu,iid_matched,1107,openpangu__cmmlu__all_linear__iid_matched__s1107__n2500,5333378816d274d62f8066d3025afefe4ab5726024d50e102be3967aafc8b08a,7ab4af0aeae7857601265c95302f0b0d7418a89ff737ed487b32ae7ee4066b40,"[""scope""]",scope_all_linear,step_002500,final_train_loss,lower,loss,0.13177457265555859,5615.747780359816,2.560439297987614,5618.308219657803,,,
openpangu,cmmlu,iid_matched,1107,openpangu__cmmlu__all_linear__iid_matched__s1107__n2500,5333378816d274d62f8066d3025afefe4ab5726024d50e102be3967aafc8b08a,7ab4af0aeae7857601265c95302f0b0d7418a89ff737ed487b32ae7ee4066b40,"[""scope""]",scope_all_linear,step_002500,macro_accuracy,higher,score,0.5706060557001121,5615.747780359816,2.560439297987614,5618.308219657803,25612.454776417,baec7579a7ca7d69ab3d96e6cf77d101631855de5cb6b9d59576d6129499e421,0163b6f3829fe3f3cc51d18e80d7428b35a9612b776090ae94a5d5d542b7e690
openpangu,cmmlu,peft_default,42,openpangu__cmmlu__all_linear__peft_default__s42__n2500,f35d4730eb548dc9b5fa17122eaa24d07014cbc63a6491cfb5984ef1b0e9f460,23f4ffecfbc5d59018a543c63d50a12b89f74d797f915d99fb2f3f961a46f1a4,"[""scope""]",scope_all_linear,step_000500,raw_auc500,lower,loss_step,503.72356428485364,5711.815023077957,0.7303376979980385,5712.5453607759555,,,
openpangu,cmmlu,peft_default,42,openpangu__cmmlu__all_linear__peft_default__s42__n2500,f35d4730eb548dc9b5fa17122eaa24d07014cbc63a6491cfb5984ef1b0e9f460,23f4ffecfbc5d59018a543c63d50a12b89f74d797f915d99fb2f3f961a46f1a4,"[""scope""]",scope_all_linear,step_002500,final_train_loss,lower,loss,0.15984692238271236,10228.36046055636,0.7303376979980385,10229.090798254358,,,
openpangu,cmmlu,peft_default,42,openpangu__cmmlu__all_linear__peft_default__s42__n2500,f35d4730eb548dc9b5fa17122eaa24d07014cbc63a6491cfb5984ef1b0e9f460,23f4ffecfbc5d59018a543c63d50a12b89f74d797f915d99fb2f3f961a46f1a4,"[""scope""]",scope_all_linear,step_002500,macro_accuracy,higher,score,0.5826700000192183,10228.36046055636,0.7303376979980385,10229.090798254358,2263.2789618580136,c9047918ebf88e5572e37b9d8c1888d92c06bda81b2032a0c65029c35f02014b,78eab8f51f244af0d4b34461a17f4af1b88d10a5e9516bb3f9eb698dd75c2aa8
openpangu,cmmlu,peft_default,123,openpangu__cmmlu__all_linear__peft_default__s123__n2500,ec070ea5de3c835faca60676fca30ec0c65e51a917045f3cb861d06f6a41e07d,218560558cb4840b62e8f62d201f47b1143e2f19a02de401784ab95743c55344,"[""scope""]",scope_all_linear,step_000500,raw_auc500,lower,loss_step,550.1862720763311,8178.444863159893,1.0731458039954305,8179.518008963889,,,
openpangu,cmmlu,peft_default,123,openpangu__cmmlu__all_linear__peft_default__s123__n2500,ec070ea5de3c835faca60676fca30ec0c65e51a917045f3cb861d06f6a41e07d,218560558cb4840b62e8f62d201f47b1143e2f19a02de401784ab95743c55344,"[""scope""]",scope_all_linear,step_002500,final_train_loss,lower,loss,0.13505047373473644,29502.646331423268,1.0731458039954305,29503.719477227263,,,
openpangu,cmmlu,peft_default,123,openpangu__cmmlu__all_linear__peft_default__s123__n2500,ec070ea5de3c835faca60676fca30ec0c65e51a917045f3cb861d06f6a41e07d,218560558cb4840b62e8f62d201f47b1143e2f19a02de401784ab95743c55344,"[""scope""]",scope_all_linear,step_002500,macro_accuracy,higher,score,0.5620674005377907,29502.646331423268,1.0731458039954305,29503.719477227263,2236.086763660016,100cc09b79f1389b2108068e13a1042c150dfffa9999339b53c16607c088b8a8,e4ff34389201fdecb174041dbb0128641bba9693a8320594dc7bb919c31000f8
openpangu,cmmlu,peft_default,1107,openpangu__cmmlu__all_linear__peft_default__s1107__n2500,94f0b43d76df75ab031b1f55ff9d0773d2df95b5b856003d96af16514d46bbd0,312430fe1255c0f0adc58a9ab9af760ea9046c89fbc4666938632f30e1fe00e6,"[""scope""]",scope_all_linear,step_000500,raw_auc500,lower,loss_step,554.7691411837004,1174.3361030730593,0.887988499016501,1175.2240915720758,,,
openpangu,cmmlu,peft_default,1107,openpangu__cmmlu__all_linear__peft_default__s1107__n2500,94f0b43d76df75ab031b1f55ff9d0773d2df95b5b856003d96af16514d46bbd0,312430fe1255c0f0adc58a9ab9af760ea9046c89fbc4666938632f30e1fe00e6,"[""scope""]",scope_all_linear,step_002500,final_train_loss,lower,loss,0.13223047740757465,5800.919286484772,0.887988499016501,5801.807274983788,,,
openpangu,cmmlu,peft_default,1107,openpangu__cmmlu__all_linear__peft_default__s1107__n2500,94f0b43d76df75ab031b1f55ff9d0773d2df95b5b856003d96af16514d46bbd0,312430fe1255c0f0adc58a9ab9af760ea9046c89fbc4666938632f30e1fe00e6,"[""scope""]",scope_all_linear,step_002500,macro_accuracy,higher,score,0.5475098726489556,5800.919286484772,0.887988499016501,5801.807274983788,2261.3587345830165,677f6050a63b660ba187102b3117a94cc599588f90d4ac58b9be6e7b1a3882bc,260562a1ca3c079c3bf4552b97972bcc14836f530648930e16cdd349338e6ed6
openpangu,cmmlu,powerlaw_global_a06,42,openpangu__cmmlu__all_linear__powerlaw_global_a06__s42__n2500,00dd43079e7ac2ecb2972ab82e2925989532eb85ff8f9c6876345d0e7f70b463,5cac1f0639a80cfeb181bec1037275cb5a9649bca029d326754247062b4d6716,"[""scope""]",scope_all_linear,step_000500,raw_auc500,lower,loss_step,517.1809275504202,1136.1497858999937,1.9949026920075994,1138.1446885920013,,,
openpangu,cmmlu,powerlaw_global_a06,42,openpangu__cmmlu__all_linear__powerlaw_global_a06__s42__n2500,00dd43079e7ac2ecb2972ab82e2925989532eb85ff8f9c6876345d0e7f70b463,5cac1f0639a80cfeb181bec1037275cb5a9649bca029d326754247062b4d6716,"[""scope""]",scope_all_linear,step_002500,final_train_loss,lower,loss,0.15982257388532162,5711.3272469086805,1.9949026920075994,5713.322149600688,,,
openpangu,cmmlu,powerlaw_global_a06,42,openpangu__cmmlu__all_linear__powerlaw_global_a06__s42__n2500,00dd43079e7ac2ecb2972ab82e2925989532eb85ff8f9c6876345d0e7f70b463,5cac1f0639a80cfeb181bec1037275cb5a9649bca029d326754247062b4d6716,"[""scope""]",scope_all_linear,step_002500,macro_accuracy,higher,score,0.5743677373383209,5711.3272469086805,1.9949026920075994,5713.322149600688,2294.379975644988,40d2755ef1370a5b04b3c5de9b54531b501704b925c9cea46b203bc76ed0b435,629084c6024b2ba50f943e6b7f69e29d507cd78d22208511ecca831421291c36
openpangu,cmmlu,powerlaw_global_a06,123,openpangu__cmmlu__all_linear__powerlaw_global_a06__s123__n2500,9e7ef6b2a0782669f51084f2dacc6b0d5161ee7a91c6a9b51ba2b3ab3afcfaba,59cb5118c4026f8ba79706ab479e0679d5e508be8f9249aad825735698ba2a88,"[""scope""]",scope_all_linear,step_000500,raw_auc500,lower,loss_step,509.3186045093462,1116.106302320346,2.0350794960104395,1118.1413818163564,,,
openpangu,cmmlu,powerlaw_global_a06,123,openpangu__cmmlu__all_linear__powerlaw_global_a06__s123__n2500,9e7ef6b2a0782669f51084f2dacc6b0d5161ee7a91c6a9b51ba2b3ab3afcfaba,59cb5118c4026f8ba79706ab479e0679d5e508be8f9249aad825735698ba2a88,"[""scope""]",scope_all_linear,step_002500,final_train_loss,lower,loss,0.1366815399378538,5592.819849708321,2.0350794960104395,5594.854929204332,,,
openpangu,cmmlu,powerlaw_global_a06,123,openpangu__cmmlu__all_linear__powerlaw_global_a06__s123__n2500,9e7ef6b2a0782669f51084f2dacc6b0d5161ee7a91c6a9b51ba2b3ab3afcfaba,59cb5118c4026f8ba79706ab479e0679d5e508be8f9249aad825735698ba2a88,"[""scope""]",scope_all_linear,step_002500,macro_accuracy,higher,score,0.5682756712354914,5592.819849708321,2.0350794960104395,5594.854929204332,2269.723983548989,4da829c7d7e4abc897ad4e78770771d937e549f54efc3a6a394a177447db0e3f,c5aaa985fd85f41a0e95e73162ab0ff77dbe082c827dd63a06f40342c14eab2e
openpangu,cmmlu,powerlaw_global_a06,1107,openpangu__cmmlu__all_linear__powerlaw_global_a06__s1107__n2500,0fc40c9b1b6b1814d8fffaaa79f58ae100d2df0031a1732d5f1224df69dbee84,c43f12bda6b59527d025e0507662a7e9df49a7b8ea5e570d947f6354600d25b3,"[""scope""]",scope_all_linear,step_000500,raw_auc500,lower,loss_step,494.41134129231796,1116.9834003209253,2.1031061980174854,1119.0865065189428,,,
openpangu,cmmlu,powerlaw_global_a06,1107,openpangu__cmmlu__all_linear__powerlaw_global_a06__s1107__n2500,0fc40c9b1b6b1814d8fffaaa79f58ae100d2df0031a1732d5f1224df69dbee84,c43f12bda6b59527d025e0507662a7e9df49a7b8ea5e570d947f6354600d25b3,"[""scope""]",scope_all_linear,step_002500,final_train_loss,lower,loss,0.1286799293011427,5586.815192557784,2.1031061980174854,5588.9182987558015,,,
openpangu,cmmlu,powerlaw_global_a06,1107,openpangu__cmmlu__all_linear__powerlaw_global_a06__s1107__n2500,0fc40c9b1b6b1814d8fffaaa79f58ae100d2df0031a1732d5f1224df69dbee84,c43f12bda6b59527d025e0507662a7e9df49a7b8ea5e570d947f6354600d25b3,"[""scope""]",scope_all_linear,step_002500,macro_accuracy,higher,score,0.5735886095755801,5586.815192557784,2.1031061980174854,5588.9182987558015,2250.8453110640403,0bbb1f2c8bf812a5f6ce9c84a276feef068ea3605d4989d7961def8c3d77b701,bf6747b9525f815ff1d849abf22a5d905fcf05fad23d81375c935dbbf0672ac5
openpangu,cmmlu,iid_matched,1107,openpangu__cmmlu__qv__iid_matched__s1107__n10000,72da5320611f9f13ceac8a28aa3113a06fd6b39147ec3ac0c70f060e06b424f7,8341daa63d7bf17e441895f0d8b69258638b5562a8a9eced0860e876bf55848a,"[""scope""]",scope_long_run,step_000500,macro_accuracy,higher,score,0.5044510484328794,827.9580515089037,1.0774838959914632,829.0355354048952,1571.4006891649915,9de209d6ed24e9c31ec2fefc6991e35bee45c314f1eb56d2f1e62ddf35ad8c40,6934019b5f796199e4bbd7c78c42515fa921ef74aa7315150976ab7029bf4331
openpangu,cmmlu,iid_matched,1107,openpangu__cmmlu__qv__iid_matched__s1107__n10000,72da5320611f9f13ceac8a28aa3113a06fd6b39147ec3ac0c70f060e06b424f7,8341daa63d7bf17e441895f0d8b69258638b5562a8a9eced0860e876bf55848a,"[""scope""]",scope_long_run,step_000500,raw_auc500,lower,loss_step,940.7231606449932,827.9580515089037,1.0774838959914632,829.0355354048952,,,
openpangu,cmmlu,iid_matched,1107,openpangu__cmmlu__qv__iid_matched__s1107__n10000,72da5320611f9f13ceac8a28aa3113a06fd6b39147ec3ac0c70f060e06b424f7,8341daa63d7bf17e441895f0d8b69258638b5562a8a9eced0860e876bf55848a,"[""scope""]",scope_long_run,step_002500,macro_accuracy,higher,score,0.4985454892831422,4146.729463309777,1.0774838959914632,4147.806947205769,1632.5898253989872,8d654f845211169e693d11446c99cc10e29798ed651efbe04913b841a29e749f,f1aa623a60aa7803d712401852b357c3c8a0fbdfc24fb042f518cc07e3d20f73
openpangu,cmmlu,iid_matched,1107,openpangu__cmmlu__qv__iid_matched__s1107__n10000,72da5320611f9f13ceac8a28aa3113a06fd6b39147ec3ac0c70f060e06b424f7,8341daa63d7bf17e441895f0d8b69258638b5562a8a9eced0860e876bf55848a,"[""scope""]",scope_long_run,step_010000,final_train_loss,lower,loss,0.1434508804231882,16564.18049075565,1.0774838959914632,16565.257974651642,,,
openpangu,cmmlu,iid_matched,1107,openpangu__cmmlu__qv__iid_matched__s1107__n10000,72da5320611f9f13ceac8a28aa3113a06fd6b39147ec3ac0c70f060e06b424f7,8341daa63d7bf17e441895f0d8b69258638b5562a8a9eced0860e876bf55848a,"[""scope""]",scope_long_run,step_010000,macro_accuracy,higher,score,0.4964737725121845,16564.18049075565,1.0774838959914632,16565.257974651642,1582.8078229500097,33a47282e32b91c019e66be6ceec3e518a4e526d6a8848c9e861cdd2ba4e018a,62c17c7335f04d6071898b2a9d0f66e3d3acb613c68b70f112c73c094e31e7a2
openpangu,cmmlu,peft_default,1107,openpangu__cmmlu__qv__peft_default__s1107__n10000,7c7bcb15de97d7e00e097663c9ddd935294b56a35429f7cc8697e7e51dab6b7b,d6dcde5c157bc97aaf5005ce5f8227d4ca02e35f80abe28e19012cbc9c971a15,"[""scope""]",scope_long_run,step_000500,macro_accuracy,higher,score,0.5007613219802882,808.3699858559121,0.21359929998288862,808.583585155895,1629.7486619770061,0a92a03e17eb85470adcb6cf6405a62af5aa816ee3089d18d7886a9b2064c8a8,a90e12cac5f2c73dd23866b4391f1c502269f2ef1c742c02d8d40a26d9170878
openpangu,cmmlu,peft_default,1107,openpangu__cmmlu__qv__peft_default__s1107__n10000,7c7bcb15de97d7e00e097663c9ddd935294b56a35429f7cc8697e7e51dab6b7b,d6dcde5c157bc97aaf5005ce5f8227d4ca02e35f80abe28e19012cbc9c971a15,"[""scope""]",scope_long_run,step_000500,raw_auc500,lower,loss_step,1002.5123209021986,808.3699858559121,0.21359929998288862,808.583585155895,,,
openpangu,cmmlu,peft_default,1107,openpangu__cmmlu__qv__peft_default__s1107__n10000,7c7bcb15de97d7e00e097663c9ddd935294b56a35429f7cc8697e7e51dab6b7b,d6dcde5c157bc97aaf5005ce5f8227d4ca02e35f80abe28e19012cbc9c971a15,"[""scope""]",scope_long_run,step_002500,macro_accuracy,higher,score,0.46395023610043923,4157.548373766709,0.21359929998288862,4157.761973066692,1557.5035541550023,0032954599319bb6f099b35753373f7ecbb42d36b65acd6d9219ebc5577cd4d5,7ac505014da400e3904732dc3d2649ff9e758618117e61c9bcbad43c603c4899
openpangu,cmmlu,peft_default,1107,openpangu__cmmlu__qv__peft_default__s1107__n10000,7c7bcb15de97d7e00e097663c9ddd935294b56a35429f7cc8697e7e51dab6b7b,d6dcde5c157bc97aaf5005ce5f8227d4ca02e35f80abe28e19012cbc9c971a15,"[""scope""]",scope_long_run,step_010000,final_train_loss,lower,loss,0.14582046121358871,17793.586970000004,0.21359929998288862,17793.800569299987,,,
openpangu,cmmlu,peft_default,1107,openpangu__cmmlu__qv__peft_default__s1107__n10000,7c7bcb15de97d7e00e097663c9ddd935294b56a35429f7cc8697e7e51dab6b7b,d6dcde5c157bc97aaf5005ce5f8227d4ca02e35f80abe28e19012cbc9c971a15,"[""scope""]",scope_long_run,step_010000,macro_accuracy,higher,score,0.47416484078664595,17793.586970000004,0.21359929998288862,17793.800569299987,1610.4896165719838,3fd14a78663adf3dd9ae4f924545f2ff7337abb4c2ac60b4e7d7b4b834ec30c8,8f01c185a425fbec838bcbc0d8a304a0b7722c049247d37e903b979e2385e5bc
openpangu,cmmlu,powerlaw_global_a06,1107,openpangu__cmmlu__qv__powerlaw_global_a06__s1107__n10000,01c1b11f07a1c271bc8314920d172eb7a29e1c0935855a1f5238bbb89816fddd,fb648edc8ae76ef54d081c917cdee531b060b95316c07b09d6ab563ff73a8d6a,"[""scope""]",scope_long_run,step_000500,macro_accuracy,higher,score,0.4996456611174938,813.8721164036833,0.6689151000173297,814.5410315037007,1646.8109005010338,6bffcc13e80e71105c37b8d892c8f0cdcf940f89f2a0d817d99823888d569fbd,95d6764e48cb93cacf4e28d3911ebb6f309ea262d65a0d77dd7e2d1ae5464d46
openpangu,cmmlu,powerlaw_global_a06,1107,openpangu__cmmlu__qv__powerlaw_global_a06__s1107__n10000,01c1b11f07a1c271bc8314920d172eb7a29e1c0935855a1f5238bbb89816fddd,fb648edc8ae76ef54d081c917cdee531b060b95316c07b09d6ab563ff73a8d6a,"[""scope""]",scope_long_run,step_000500,raw_auc500,lower,loss_step,939.5861312747002,813.8721164036833,0.6689151000173297,814.5410315037007,,,
openpangu,cmmlu,powerlaw_global_a06,1107,openpangu__cmmlu__qv__powerlaw_global_a06__s1107__n10000,01c1b11f07a1c271bc8314920d172eb7a29e1c0935855a1f5238bbb89816fddd,fb648edc8ae76ef54d081c917cdee531b060b95316c07b09d6ab563ff73a8d6a,"[""scope""]",scope_long_run,step_002500,macro_accuracy,higher,score,0.505741546960816,4180.146117023367,0.6689151000173297,4180.815032123384,1636.7177791579743,f8d19ce322df46e51ea424b012a75b71bfae05e3c03ad85948e5a2be271d9bb3,260a5d0682135b7e7968749c227d39519a6b1dad0ea1f2d67dc3953bda8dbb4c
openpangu,cmmlu,powerlaw_global_a06,1107,openpangu__cmmlu__qv__powerlaw_global_a06__s1107__n10000,01c1b11f07a1c271bc8314920d172eb7a29e1c0935855a1f5238bbb89816fddd,fb648edc8ae76ef54d081c917cdee531b060b95316c07b09d6ab563ff73a8d6a,"[""scope""]",scope_long_run,step_010000,final_train_loss,lower,loss,0.14417725428938866,16491.602660834964,0.6689151000173297,16492.27157593498,,,
openpangu,cmmlu,powerlaw_global_a06,1107,openpangu__cmmlu__qv__powerlaw_global_a06__s1107__n10000,01c1b11f07a1c271bc8314920d172eb7a29e1c0935855a1f5238bbb89816fddd,fb648edc8ae76ef54d081c917cdee531b060b95316c07b09d6ab563ff73a8d6a,"[""scope""]",scope_long_run,step_010000,macro_accuracy,higher,score,0.5073770990532855,16491.602660834964,0.6689151000173297,16492.27157593498,1626.9497860979754,adf2702b2d3152e3ca3fef8b4a50bf05090813613c43d09728aa96789ef1cdd8,8ce421486853b884dbc6713a612fe5317b8caf0307eb674888b2739f9d39618c
