model,task,search_method,effective_method,variant,search_kind,search_value,search_space,seed,run_id,learning_rate,central_learning_rate,target_modules,trainable_parameter_count,total_parameter_count,adapter_initialization_seconds,gradient_estimation_seconds,initialization_seconds_total,validation_auc500,validation_final_loss,validation_guardrail_metric,validation_guardrail_value,validation_examples_evaluated,raw_train_auc500,selection_rank,selected,git_commit,config_hash,dataset_split_hash,implementation,official_repository,implementation_version_or_commit,initialization_data_requirement,central_learning_rate_reference
qwen,gsm8k,dora,dora,lr_x0.5,learning_rate_multiplier,0.5,"[0.5, 1.0, 2.0]",1107,qwen__gsm8k__qv__dora__s1107__n500__lr_x0.5,0.00015,0.0003,"[""q_proj"", ""v_proj""]",5160960,7620777472,3.4949119000229985,0.0,3.4949119000229985,81.99852382622339,0.13519136111426633,validation_loss,0.13519136111426633,256,86.74121870356612,3,False,2d8932b092a1db69f5bd90840460a75c168d7670,26050211f62492ee55b2486be3b77062badcacb4c88e48f2d0dd13f9975be540,e9d4b06647734d8f9617e434707e8c6eb153a32e61b4cda5cac019fb2db7d9d4,peft.LoraConfig(use_dora=true),https://github.com/NVlabs/DoRA,peft==0.17.1,pretrained model weights; no task examples,https://github.com/huggingface/peft/blob/v0.17.1/examples/dora_finetuning/dora_finetuning.py
qwen,gsm8k,dora,dora,lr_x1.0,learning_rate_multiplier,1.0,"[0.5, 1.0, 2.0]",1107,qwen__gsm8k__qv__dora__s1107__n500__lr_x1.0,0.0003,0.0003,"[""q_proj"", ""v_proj""]",5160960,7620777472,0.5219706909847446,0.0,0.5219706909847446,78.28806105226249,0.1345092942501651,validation_loss,0.1345092942501651,256,83.25463102897629,1,True,2d8932b092a1db69f5bd90840460a75c168d7670,28de0679220977f28f678a6ed2a75c40b63f3ae7953831f327d4a978baef6db1,e9d4b06647734d8f9617e434707e8c6eb153a32e61b4cda5cac019fb2db7d9d4,peft.LoraConfig(use_dora=true),https://github.com/NVlabs/DoRA,peft==0.17.1,pretrained model weights; no task examples,https://github.com/huggingface/peft/blob/v0.17.1/examples/dora_finetuning/dora_finetuning.py
qwen,gsm8k,dora,dora,lr_x2.0,learning_rate_multiplier,2.0,"[0.5, 1.0, 2.0]",1107,qwen__gsm8k__qv__dora__s1107__n500__lr_x2.0,0.0006,0.0003,"[""q_proj"", ""v_proj""]",5160960,7620777472,0.4772725980146788,0.0,0.4772725980146788,79.0972941167638,0.13781462849874515,validation_loss,0.13781462849874515,256,83.61181085230783,2,False,2d8932b092a1db69f5bd90840460a75c168d7670,a092182bbf6af4565535c6c862632e314a1aeb4e5ccca24f6beda490cab6c1b7,e9d4b06647734d8f9617e434707e8c6eb153a32e61b4cda5cac019fb2db7d9d4,peft.LoraConfig(use_dora=true),https://github.com/NVlabs/DoRA,peft==0.17.1,pretrained model weights; no task examples,https://github.com/huggingface/peft/blob/v0.17.1/examples/dora_finetuning/dora_finetuning.py
qwen,gsm8k,pissa,pissa,lr_x0.5,learning_rate_multiplier,0.5,"[0.5, 1.0, 2.0]",1107,qwen__gsm8k__qv__pissa__s1107__n500__lr_x0.5,1e-05,2e-05,"[""q_proj"", ""v_proj""]",5046272,7620662784,25.220253103994764,0.0,25.220253103994764,107.10640464931203,0.17305518870125525,validation_loss,0.17305518870125525,256,115.04726578528062,3,False,2d8932b092a1db69f5bd90840460a75c168d7670,7d9a4b0a30674c51cf1f6b6a518735f2655d22114bceb2bc71b50d36d6cbec5e,e9d4b06647734d8f9617e434707e8c6eb153a32e61b4cda5cac019fb2db7d9d4,peft.LoraConfig(init_lora_weights=pissa),https://github.com/GraphPKU/PiSSA,peft==0.17.1,pretrained model weights for exact SVD; no task examples,https://github.com/huggingface/peft/blob/v0.17.1/examples/pissa_finetuning/README.md
qwen,gsm8k,pissa,pissa,lr_x1.0,learning_rate_multiplier,1.0,"[0.5, 1.0, 2.0]",1107,qwen__gsm8k__qv__pissa__s1107__n500__lr_x1.0,2e-05,2e-05,"[""q_proj"", ""v_proj""]",5046272,7620662784,24.879461018019356,0.0,24.879461018019356,97.32569769857946,0.1599989891255973,validation_loss,0.1599989891255973,256,105.26318013831042,2,False,2d8932b092a1db69f5bd90840460a75c168d7670,b8a2aaa6a393eada0cf18eeaf1457003fc85a11ec86ace87d68d5e0a8c4c63db,e9d4b06647734d8f9617e434707e8c6eb153a32e61b4cda5cac019fb2db7d9d4,peft.LoraConfig(init_lora_weights=pissa),https://github.com/GraphPKU/PiSSA,peft==0.17.1,pretrained model weights for exact SVD; no task examples,https://github.com/huggingface/peft/blob/v0.17.1/examples/pissa_finetuning/README.md
qwen,gsm8k,pissa,pissa,lr_x2.0,learning_rate_multiplier,2.0,"[0.5, 1.0, 2.0]",1107,qwen__gsm8k__qv__pissa__s1107__n500__lr_x2.0,4e-05,2e-05,"[""q_proj"", ""v_proj""]",5046272,7620662784,24.9082319070003,0.0,24.9082319070003,88.25709676530096,0.14484969776822254,validation_loss,0.14484969776822254,256,95.85861741215922,1,True,2d8932b092a1db69f5bd90840460a75c168d7670,19654a12c831a37662452694ca41145f4238f461016707ec68736b917b460e63,e9d4b06647734d8f9617e434707e8c6eb153a32e61b4cda5cac019fb2db7d9d4,peft.LoraConfig(init_lora_weights=pissa),https://github.com/GraphPKU/PiSSA,peft==0.17.1,pretrained model weights for exact SVD; no task examples,https://github.com/huggingface/peft/blob/v0.17.1/examples/pissa_finetuning/README.md
qwen,gsm8k,lora_one,lora_one,lr_x0.5,learning_rate_multiplier,0.5,"[0.5, 1.0, 2.0]",1107,qwen__gsm8k__qv__lora_one__s1107__n500__lr_x0.5,2.5e-05,5e-05,"[""q_proj"", ""v_proj""]",5046272,7620662784,14.397948618978262,14.97292017302243,29.370868792000692,91.25940244557569,0.1470416519441642,validation_loss,0.1470416519441642,256,96.88604150153697,3,False,2d8932b092a1db69f5bd90840460a75c168d7670,17d7c888ee9fa2f754827260c880e3fb229a2f6cba0aa14781992860dec38cfc,e9d4b06647734d8f9617e434707e8c6eb153a32e61b4cda5cac019fb2db7d9d4,revision_experiments.initializers.lora_one official stable-formula adapter with PEFT rsLoRA scaling,https://github.com/YuanheZ/LoRA-One,b797a10dcb818e9553b57fa060baa7b00df4484d,first 8 frozen screening-train batches at max_length 1024,https://github.com/YuanheZ/LoRA-One/blob/b797a10dcb818e9553b57fa060baa7b00df4484d/README.md
qwen,gsm8k,lora_one,lora_one,lr_x1.0,learning_rate_multiplier,1.0,"[0.5, 1.0, 2.0]",1107,qwen__gsm8k__qv__lora_one__s1107__n500__lr_x1.0,5e-05,5e-05,"[""q_proj"", ""v_proj""]",5046272,7620662784,8.063276624015998,12.767596735968255,20.830873359984253,84.31026121779723,0.14043456899526063,validation_loss,0.14043456899526063,256,89.54964760644361,2,False,2d8932b092a1db69f5bd90840460a75c168d7670,ebc98364d20a03a5dd4e78e888e328ce8c0e4af27a9347bce975828d2d1abc58,e9d4b06647734d8f9617e434707e8c6eb153a32e61b4cda5cac019fb2db7d9d4,revision_experiments.initializers.lora_one official stable-formula adapter with PEFT rsLoRA scaling,https://github.com/YuanheZ/LoRA-One,b797a10dcb818e9553b57fa060baa7b00df4484d,first 8 frozen screening-train batches at max_length 1024,https://github.com/YuanheZ/LoRA-One/blob/b797a10dcb818e9553b57fa060baa7b00df4484d/README.md
qwen,gsm8k,lora_one,lora_one,lr_x2.0,learning_rate_multiplier,2.0,"[0.5, 1.0, 2.0]",1107,qwen__gsm8k__qv__lora_one__s1107__n500__lr_x2.0,0.0001,5e-05,"[""q_proj"", ""v_proj""]",5046272,7620662784,8.12208419397939,13.534656289033592,21.65674048301298,79.23995013206877,0.13626566594757605,validation_loss,0.13626566594757605,256,84.26976375398226,1,True,2d8932b092a1db69f5bd90840460a75c168d7670,e20cb5d209968fe2503bdb352d0da7fd163815156c1805bfed7a1e9247fe9340,e9d4b06647734d8f9617e434707e8c6eb153a32e61b4cda5cac019fb2db7d9d4,revision_experiments.initializers.lora_one official stable-formula adapter with PEFT rsLoRA scaling,https://github.com/YuanheZ/LoRA-One,b797a10dcb818e9553b57fa060baa7b00df4484d,first 8 frozen screening-train batches at max_length 1024,https://github.com/YuanheZ/LoRA-One/blob/b797a10dcb818e9553b57fa060baa7b00df4484d/README.md
qwen,gsm8k,proposed,powerlaw_global_a03,alpha_0.3,alpha,0.3,"[0.3, 0.6, 1.0]",1107,qwen__gsm8k__qv__powerlaw_global_a03__s1107__n500__alpha_0.3,5e-05,5e-05,"[""q_proj"", ""v_proj""]",5046272,7620662784,2.880418198008556,0.0,2.880418198008556,91.32769126881612,0.1418565420608502,validation_loss,0.1418565420608502,256,96.70841623004526,3,False,6e22c5d07ee03327499b49c66765d335fd9557c4,f9a72e3663a16c3c3ffad8a74b64eace88ecaf89e3d99f0b4ddd09350b91461b,e9d4b06647734d8f9617e434707e8c6eb153a32e61b4cda5cac019fb2db7d9d4,revision_experiments.initializers.registry powerlaw_global alpha variants,project implementation,reconstructed experiment commit recorded per run,deterministic initialization seed; no task examples,submitted Table III shared training configuration
qwen,gsm8k,proposed,powerlaw_global_a06,alpha_0.6,alpha,0.6,"[0.3, 0.6, 1.0]",1107,qwen__gsm8k__qv__powerlaw_global_a06__s1107__n500__alpha_0.6,5e-05,5e-05,"[""q_proj"", ""v_proj""]",5046272,7620662784,0.6471904579666443,0.0,0.6471904579666443,90.19515569834766,0.14184340143401641,validation_loss,0.14184340143401641,256,95.46887732902542,1,True,6e22c5d07ee03327499b49c66765d335fd9557c4,b101c06df7a4016bbe155487f407afd1e7df77fb6477c62c6f61f7a39076f0f7,e9d4b06647734d8f9617e434707e8c6eb153a32e61b4cda5cac019fb2db7d9d4,revision_experiments.initializers.registry powerlaw_global alpha variants,project implementation,reconstructed experiment commit recorded per run,deterministic initialization seed; no task examples,submitted Table III shared training configuration
qwen,gsm8k,proposed,powerlaw_global_a10,alpha_1.0,alpha,1.0,"[0.3, 0.6, 1.0]",1107,qwen__gsm8k__qv__powerlaw_global_a10__s1107__n500__alpha_1.0,5e-05,5e-05,"[""q_proj"", ""v_proj""]",5046272,7620662784,0.8542326440219767,0.0,0.8542326440219767,91.1540890323522,0.1420858745696023,validation_loss,0.1420858745696023,256,96.58738113823347,2,False,8e8b1657c187c1de7133f46ea540fa3bbad3bdae,f2221960d2e598fb80e8f5ac39e006ff48b1d901801b969ae86740aeb641921f,e9d4b06647734d8f9617e434707e8c6eb153a32e61b4cda5cac019fb2db7d9d4,revision_experiments.initializers.registry powerlaw_global alpha variants,project implementation,reconstructed experiment commit recorded per run,deterministic initialization seed; no task examples,submitted Table III shared training configuration
qwen,cmmlu,dora,dora,lr_x0.5,learning_rate_multiplier,0.5,"[0.5, 1.0, 2.0]",1107,qwen__cmmlu__qv__dora__s1107__n500__lr_x0.5,0.00015,0.0003,"[""q_proj"", ""v_proj""]",5160960,7620777472,1.78099157003453,0.0,1.78099157003453,749.8901107974017,1.8682621406085456,validation_loss,1.8682621406085456,67,330.2561285085976,1,True,8e8b1657c187c1de7133f46ea540fa3bbad3bdae,2c1229c4164c8a05bebb285d2419a27bcf990758dda7e529795a9509e15998ae,ae5ece879af82d38f5b52cceaf964b0f47c2ecc42feff2520427ec4f05278c4a,peft.LoraConfig(use_dora=true),https://github.com/NVlabs/DoRA,peft==0.17.1,pretrained model weights; no task examples,https://github.com/huggingface/peft/blob/v0.17.1/examples/dora_finetuning/dora_finetuning.py
qwen,cmmlu,dora,dora,lr_x1.0,learning_rate_multiplier,1.0,"[0.5, 1.0, 2.0]",1107,qwen__cmmlu__qv__dora__s1107__n500__lr_x1.0,0.0003,0.0003,"[""q_proj"", ""v_proj""]",5160960,7620777472,3.416713237995282,0.0,3.416713237995282,829.7534277301226,2.098073446928565,validation_loss,2.098073446928565,67,258.2936383904889,3,False,8e8b1657c187c1de7133f46ea540fa3bbad3bdae,30c0c568d7462ebce40715fba64b0ed47ce39b4d7722d5b4244522ee2adb96f9,ae5ece879af82d38f5b52cceaf964b0f47c2ecc42feff2520427ec4f05278c4a,peft.LoraConfig(use_dora=true),https://github.com/NVlabs/DoRA,peft==0.17.1,pretrained model weights; no task examples,https://github.com/huggingface/peft/blob/v0.17.1/examples/dora_finetuning/dora_finetuning.py
qwen,cmmlu,dora,dora,lr_x2.0,learning_rate_multiplier,2.0,"[0.5, 1.0, 2.0]",1107,qwen__cmmlu__qv__dora__s1107__n500__lr_x2.0,0.0006,0.0003,"[""q_proj"", ""v_proj""]",5160960,7620777472,3.7417546000215225,0.0,3.7417546000215225,827.5565319541674,2.0328244033144482,validation_loss,2.0328244033144482,67,226.6192834097892,2,False,8e8b1657c187c1de7133f46ea540fa3bbad3bdae,a4cb6ba86c3662a00f4c3fb51d6fa5fc146fd1180a6ac45250938c81f9206164,ae5ece879af82d38f5b52cceaf964b0f47c2ecc42feff2520427ec4f05278c4a,peft.LoraConfig(use_dora=true),https://github.com/NVlabs/DoRA,peft==0.17.1,pretrained model weights; no task examples,https://github.com/huggingface/peft/blob/v0.17.1/examples/dora_finetuning/dora_finetuning.py
qwen,cmmlu,pissa,pissa,lr_x0.5,learning_rate_multiplier,0.5,"[0.5, 1.0, 2.0]",1107,qwen__cmmlu__qv__pissa__s1107__n500__lr_x0.5,1e-05,2e-05,"[""q_proj"", ""v_proj""]",5046272,7620662784,351.10895769600756,0.0,351.10895769600756,610.5527589903838,1.1589748788235792,validation_loss,1.1589748788235792,67,569.7702736593783,2,False,8e8b1657c187c1de7133f46ea540fa3bbad3bdae,7e706120a12f228c2c27e48bb1273d2dc9a091c5cefe58774c17a349a899b168,ae5ece879af82d38f5b52cceaf964b0f47c2ecc42feff2520427ec4f05278c4a,peft.LoraConfig(init_lora_weights=pissa),https://github.com/GraphPKU/PiSSA,peft==0.17.1,pretrained model weights for exact SVD; no task examples,https://github.com/huggingface/peft/blob/v0.17.1/examples/pissa_finetuning/README.md
qwen,cmmlu,pissa,pissa,lr_x1.0,learning_rate_multiplier,1.0,"[0.5, 1.0, 2.0]",1107,qwen__cmmlu__qv__pissa__s1107__n500__lr_x1.0,2e-05,2e-05,"[""q_proj"", ""v_proj""]",5046272,7620662784,82.98192871501669,0.0,82.98192871501669,604.3908934595426,1.1795025650245041,validation_loss,1.1795025650245041,67,521.8769632130861,1,True,8e8b1657c187c1de7133f46ea540fa3bbad3bdae,16575fe13c3b0c5d6a6137dffd219de65bc195d96716639f652a7350e95e9e92,ae5ece879af82d38f5b52cceaf964b0f47c2ecc42feff2520427ec4f05278c4a,peft.LoraConfig(init_lora_weights=pissa),https://github.com/GraphPKU/PiSSA,peft==0.17.1,pretrained model weights for exact SVD; no task examples,https://github.com/huggingface/peft/blob/v0.17.1/examples/pissa_finetuning/README.md
qwen,cmmlu,pissa,pissa,lr_x2.0,learning_rate_multiplier,2.0,"[0.5, 1.0, 2.0]",1107,qwen__cmmlu__qv__pissa__s1107__n500__lr_x2.0,4e-05,2e-05,"[""q_proj"", ""v_proj""]",5046272,7620662784,75.94467355299275,0.0,75.94467355299275,627.2040406770226,1.3036492195591998,validation_loss,1.3036492195591998,67,448.38731225952506,3,False,8e8b1657c187c1de7133f46ea540fa3bbad3bdae,e157ebed97ec5f4d5d088d23a558ded4791ccc2d30756aaeb512daf60d60a390,ae5ece879af82d38f5b52cceaf964b0f47c2ecc42feff2520427ec4f05278c4a,peft.LoraConfig(init_lora_weights=pissa),https://github.com/GraphPKU/PiSSA,peft==0.17.1,pretrained model weights for exact SVD; no task examples,https://github.com/huggingface/peft/blob/v0.17.1/examples/pissa_finetuning/README.md
qwen,cmmlu,lora_one,lora_one,lr_x0.5,learning_rate_multiplier,0.5,"[0.5, 1.0, 2.0]",1107,qwen__cmmlu__qv__lora_one__s1107__n500__lr_x0.5,2.5e-05,5e-05,"[""q_proj"", ""v_proj""]",5046272,7620662784,76.59378504299093,405.60760443098843,482.20138947397936,590.3436045426486,1.1644480446381356,validation_loss,1.1644480446381356,67,523.5676738545299,1,True,8e8b1657c187c1de7133f46ea540fa3bbad3bdae,bef51a31ea084861c265d9fd51fef3185870287523618fd6ac2923930151ea1e,ae5ece879af82d38f5b52cceaf964b0f47c2ecc42feff2520427ec4f05278c4a,revision_experiments.initializers.lora_one official stable-formula adapter with PEFT rsLoRA scaling,https://github.com/YuanheZ/LoRA-One,b797a10dcb818e9553b57fa060baa7b00df4484d,first 8 frozen screening-train batches at max_length 1024,https://github.com/YuanheZ/LoRA-One/blob/b797a10dcb818e9553b57fa060baa7b00df4484d/README.md
qwen,cmmlu,lora_one,lora_one,lr_x1.0,learning_rate_multiplier,1.0,"[0.5, 1.0, 2.0]",1107,qwen__cmmlu__qv__lora_one__s1107__n500__lr_x1.0,5e-05,5e-05,"[""q_proj"", ""v_proj""]",5046272,7620662784,77.36553165898658,407.0738271299633,484.4393587889499,641.5888981810257,1.4275566873265737,validation_loss,1.4275566873265737,67,430.2653223555535,2,False,8e8b1657c187c1de7133f46ea540fa3bbad3bdae,0f0463cd67f1b9cf7ba65b3e92084b31b441b42a7e603d430df17a7c3d137f1e,ae5ece879af82d38f5b52cceaf964b0f47c2ecc42feff2520427ec4f05278c4a,revision_experiments.initializers.lora_one official stable-formula adapter with PEFT rsLoRA scaling,https://github.com/YuanheZ/LoRA-One,b797a10dcb818e9553b57fa060baa7b00df4484d,first 8 frozen screening-train batches at max_length 1024,https://github.com/YuanheZ/LoRA-One/blob/b797a10dcb818e9553b57fa060baa7b00df4484d/README.md
qwen,cmmlu,lora_one,lora_one,lr_x2.0,learning_rate_multiplier,2.0,"[0.5, 1.0, 2.0]",1107,qwen__cmmlu__qv__lora_one__s1107__n500__lr_x2.0,0.0001,5e-05,"[""q_proj"", ""v_proj""]",5046272,7620662784,55.227568569011055,364.9782369089662,420.20580547797726,755.832343620818,1.9033282510380247,validation_loss,1.9033282510380247,67,314.89591537136585,3,False,8e8b1657c187c1de7133f46ea540fa3bbad3bdae,4037b2ff29680a61dc5831c8753f414b64b08f7582ab632ef8b06277eae8ce27,ae5ece879af82d38f5b52cceaf964b0f47c2ecc42feff2520427ec4f05278c4a,revision_experiments.initializers.lora_one official stable-formula adapter with PEFT rsLoRA scaling,https://github.com/YuanheZ/LoRA-One,b797a10dcb818e9553b57fa060baa7b00df4484d,first 8 frozen screening-train batches at max_length 1024,https://github.com/YuanheZ/LoRA-One/blob/b797a10dcb818e9553b57fa060baa7b00df4484d/README.md
qwen,cmmlu,proposed,powerlaw_global_a03,alpha_0.3,alpha,0.3,"[0.3, 0.6, 1.0]",1107,qwen__cmmlu__qv__powerlaw_global_a03__s1107__n500__alpha_0.3,5e-05,5e-05,"[""q_proj"", ""v_proj""]",5046272,7620662784,0.5134119099820964,0.0,0.5134119099820964,610.266411927209,1.243104771446826,validation_loss,1.243104771446826,67,485.96331219933927,1,True,8e8b1657c187c1de7133f46ea540fa3bbad3bdae,f75b11ded9761a9f64b183cbab1edbdf0383227fa705600a7fb501ba685781ce,ae5ece879af82d38f5b52cceaf964b0f47c2ecc42feff2520427ec4f05278c4a,revision_experiments.initializers.registry powerlaw_global alpha variants,project implementation,reconstructed experiment commit recorded per run,deterministic initialization seed; no task examples,submitted Table III shared training configuration
qwen,cmmlu,proposed,powerlaw_global_a06,alpha_0.6,alpha,0.6,"[0.3, 0.6, 1.0]",1107,qwen__cmmlu__qv__powerlaw_global_a06__s1107__n500__alpha_0.6,5e-05,5e-05,"[""q_proj"", ""v_proj""]",5046272,7620662784,3.6450921180075966,0.0,3.6450921180075966,613.6906959005256,1.2624425082954007,validation_loss,1.2624425082954007,67,480.5812605395913,2,False,8e8b1657c187c1de7133f46ea540fa3bbad3bdae,18982fd81753240fac6282b7969171b7a0a262cbbe2361767f267e732c845466,ae5ece879af82d38f5b52cceaf964b0f47c2ecc42feff2520427ec4f05278c4a,revision_experiments.initializers.registry powerlaw_global alpha variants,project implementation,reconstructed experiment commit recorded per run,deterministic initialization seed; no task examples,submitted Table III shared training configuration
qwen,cmmlu,proposed,powerlaw_global_a10,alpha_1.0,alpha,1.0,"[0.3, 0.6, 1.0]",1107,qwen__cmmlu__qv__powerlaw_global_a10__s1107__n500__alpha_1.0,5e-05,5e-05,"[""q_proj"", ""v_proj""]",5046272,7620662784,0.519576198013965,0.0,0.519576198013965,615.1315673740942,1.26827275619578,validation_loss,1.26827275619578,67,482.9699504338205,3,False,8e8b1657c187c1de7133f46ea540fa3bbad3bdae,a82aba88bdc9f6828a361ce374d240b039351798c354e0514c4658c28594699b,ae5ece879af82d38f5b52cceaf964b0f47c2ecc42feff2520427ec4f05278c4a,revision_experiments.initializers.registry powerlaw_global alpha variants,project implementation,reconstructed experiment commit recorded per run,deterministic initialization seed; no task examples,submitted Table III shared training configuration
qwen,sharegpt,dora,dora,lr_x0.5,learning_rate_multiplier,0.5,"[0.5, 1.0, 2.0]",1107,qwen__sharegpt__qv__dora__s1107__n500__lr_x0.5,0.00015,0.0003,"[""q_proj"", ""v_proj""]",5160960,7620777472,2.9326445019687526,0.0,2.9326445019687526,486.31579052284354,0.9627099415063858,validation_loss,0.9627099415063858,500,489.5948778837919,3,False,8e8b1657c187c1de7133f46ea540fa3bbad3bdae,b68bb9eb0765f045ad700e7bbf0f963124974708c95ae6ccea0466dc0eceb101,11ce80503aadd4b052e9bd0e3f2a1b187d179a5dbf7a2cd1cc818ef2b6cefe8f,peft.LoraConfig(use_dora=true),https://github.com/NVlabs/DoRA,peft==0.17.1,pretrained model weights; no task examples,https://github.com/huggingface/peft/blob/v0.17.1/examples/dora_finetuning/dora_finetuning.py
qwen,sharegpt,dora,dora,lr_x1.0,learning_rate_multiplier,1.0,"[0.5, 1.0, 2.0]",1107,qwen__sharegpt__qv__dora__s1107__n500__lr_x1.0,0.0003,0.0003,"[""q_proj"", ""v_proj""]",5160960,7620777472,0.46583921799901873,0.0,0.46583921799901873,485.02878286615015,0.9603051044940949,validation_loss,0.9603051044940949,500,488.2309037838131,1,True,8e8b1657c187c1de7133f46ea540fa3bbad3bdae,d80fcfc8b5d6e2fbd05da87a26a7db853c1c0319ddd0b49351accd9476df95bb,11ce80503aadd4b052e9bd0e3f2a1b187d179a5dbf7a2cd1cc818ef2b6cefe8f,peft.LoraConfig(use_dora=true),https://github.com/NVlabs/DoRA,peft==0.17.1,pretrained model weights; no task examples,https://github.com/huggingface/peft/blob/v0.17.1/examples/dora_finetuning/dora_finetuning.py
qwen,sharegpt,dora,dora,lr_x2.0,learning_rate_multiplier,2.0,"[0.5, 1.0, 2.0]",1107,qwen__sharegpt__qv__dora__s1107__n500__lr_x2.0,0.0006,0.0003,"[""q_proj"", ""v_proj""]",5160960,7620777472,0.4620700000086799,0.0,0.4620700000086799,485.04675568342213,0.9597802848219872,validation_loss,0.9597802848219872,500,488.10282466653734,2,False,8e8b1657c187c1de7133f46ea540fa3bbad3bdae,e27f5e7c34c4d24f6649dff9616375f3456ea8e686ba81ca0e92dc7ce048c17a,11ce80503aadd4b052e9bd0e3f2a1b187d179a5dbf7a2cd1cc818ef2b6cefe8f,peft.LoraConfig(use_dora=true),https://github.com/NVlabs/DoRA,peft==0.17.1,pretrained model weights; no task examples,https://github.com/huggingface/peft/blob/v0.17.1/examples/dora_finetuning/dora_finetuning.py
qwen,sharegpt,pissa,pissa,lr_x0.5,learning_rate_multiplier,0.5,"[0.5, 1.0, 2.0]",1107,qwen__sharegpt__qv__pissa__s1107__n500__lr_x0.5,1e-05,2e-05,"[""q_proj"", ""v_proj""]",5046272,7620662784,24.82986975100357,0.0,24.82986975100357,495.25717769488693,0.9773888091444969,validation_loss,0.9773888091444969,500,501.1815219661221,3,False,8e8b1657c187c1de7133f46ea540fa3bbad3bdae,edc202a6a8579c8d5a50dfda757082aa3ff5772963b710394c53562210e9ed4e,11ce80503aadd4b052e9bd0e3f2a1b187d179a5dbf7a2cd1cc818ef2b6cefe8f,peft.LoraConfig(init_lora_weights=pissa),https://github.com/GraphPKU/PiSSA,peft==0.17.1,pretrained model weights for exact SVD; no task examples,https://github.com/huggingface/peft/blob/v0.17.1/examples/pissa_finetuning/README.md
qwen,sharegpt,pissa,pissa,lr_x1.0,learning_rate_multiplier,1.0,"[0.5, 1.0, 2.0]",1107,qwen__sharegpt__qv__pissa__s1107__n500__lr_x1.0,2e-05,2e-05,"[""q_proj"", ""v_proj""]",5046272,7620662784,24.832947416987736,0.0,24.832947416987736,491.78252437114713,0.9720951628684997,validation_loss,0.9720951628684997,500,497.1493711778894,2,False,8e8b1657c187c1de7133f46ea540fa3bbad3bdae,5ee8599a4ad22de087cd0e00ce5bbf119887fee0d3c5f9b88a3fa873a4a0052a,11ce80503aadd4b052e9bd0e3f2a1b187d179a5dbf7a2cd1cc818ef2b6cefe8f,peft.LoraConfig(init_lora_weights=pissa),https://github.com/GraphPKU/PiSSA,peft==0.17.1,pretrained model weights for exact SVD; no task examples,https://github.com/huggingface/peft/blob/v0.17.1/examples/pissa_finetuning/README.md
qwen,sharegpt,pissa,pissa,lr_x2.0,learning_rate_multiplier,2.0,"[0.5, 1.0, 2.0]",1107,qwen__sharegpt__qv__pissa__s1107__n500__lr_x2.0,4e-05,2e-05,"[""q_proj"", ""v_proj""]",5046272,7620662784,24.847162795020267,0.0,24.847162795020267,489.06023582518105,0.9684993296861648,validation_loss,0.9684993296861648,500,494.1221833517775,1,True,8e8b1657c187c1de7133f46ea540fa3bbad3bdae,d3caf83d794770670c43c241af6f5c5ea98dfb35ecde176eebc4b5f68ffc1bd1,11ce80503aadd4b052e9bd0e3f2a1b187d179a5dbf7a2cd1cc818ef2b6cefe8f,peft.LoraConfig(init_lora_weights=pissa),https://github.com/GraphPKU/PiSSA,peft==0.17.1,pretrained model weights for exact SVD; no task examples,https://github.com/huggingface/peft/blob/v0.17.1/examples/pissa_finetuning/README.md
qwen,sharegpt,lora_one,lora_one,lr_x0.5,learning_rate_multiplier,0.5,"[0.5, 1.0, 2.0]",1107,qwen__sharegpt__qv__lora_one__s1107__n500__lr_x0.5,2.5e-05,5e-05,"[""q_proj"", ""v_proj""]",5046272,7620662784,8.189501761982683,13.97062272299081,22.160124484973494,489.87370413020255,0.9706450127363205,validation_loss,0.9706450127363205,500,492.9735309528187,3,False,8e8b1657c187c1de7133f46ea540fa3bbad3bdae,12ad3e11ac4dbce45ea82d4c68c9f932d6771b8d6ec33aef87f128c1d50ddf4d,11ce80503aadd4b052e9bd0e3f2a1b187d179a5dbf7a2cd1cc818ef2b6cefe8f,revision_experiments.initializers.lora_one official stable-formula adapter with PEFT rsLoRA scaling,https://github.com/YuanheZ/LoRA-One,b797a10dcb818e9553b57fa060baa7b00df4484d,first 8 frozen screening-train batches at max_length 1024,https://github.com/YuanheZ/LoRA-One/blob/b797a10dcb818e9553b57fa060baa7b00df4484d/README.md
qwen,sharegpt,lora_one,lora_one,lr_x1.0,learning_rate_multiplier,1.0,"[0.5, 1.0, 2.0]",1107,qwen__sharegpt__qv__lora_one__s1107__n500__lr_x1.0,5e-05,5e-05,"[""q_proj"", ""v_proj""]",5046272,7620662784,8.104466011980549,13.82293484400725,21.9274008559878,487.5042157076299,0.9665934117436409,validation_loss,0.9665934117436409,500,490.5432883966714,2,False,8e8b1657c187c1de7133f46ea540fa3bbad3bdae,d71d1fd2613afbdb85f77238125fb87d57fec9a7c6855643411001ee5dbeb304,11ce80503aadd4b052e9bd0e3f2a1b187d179a5dbf7a2cd1cc818ef2b6cefe8f,revision_experiments.initializers.lora_one official stable-formula adapter with PEFT rsLoRA scaling,https://github.com/YuanheZ/LoRA-One,b797a10dcb818e9553b57fa060baa7b00df4484d,first 8 frozen screening-train batches at max_length 1024,https://github.com/YuanheZ/LoRA-One/blob/b797a10dcb818e9553b57fa060baa7b00df4484d/README.md
qwen,sharegpt,lora_one,lora_one,lr_x2.0,learning_rate_multiplier,2.0,"[0.5, 1.0, 2.0]",1107,qwen__sharegpt__qv__lora_one__s1107__n500__lr_x2.0,0.0001,5e-05,"[""q_proj"", ""v_proj""]",5046272,7620662784,8.136797758983448,12.891327964956872,21.02812572394032,485.53948977068075,0.9629364709854126,validation_loss,0.9629364709854126,500,488.597107979469,1,True,8e8b1657c187c1de7133f46ea540fa3bbad3bdae,96bd2c6ac0e1d0c27865e754514784f8e39d2890cebbaa5a9a019f506f5c2bb7,11ce80503aadd4b052e9bd0e3f2a1b187d179a5dbf7a2cd1cc818ef2b6cefe8f,revision_experiments.initializers.lora_one official stable-formula adapter with PEFT rsLoRA scaling,https://github.com/YuanheZ/LoRA-One,b797a10dcb818e9553b57fa060baa7b00df4484d,first 8 frozen screening-train batches at max_length 1024,https://github.com/YuanheZ/LoRA-One/blob/b797a10dcb818e9553b57fa060baa7b00df4484d/README.md
qwen,sharegpt,proposed,powerlaw_global_a03,alpha_0.3,alpha,0.3,"[0.3, 0.6, 1.0]",1107,qwen__sharegpt__qv__powerlaw_global_a03__s1107__n500__alpha_0.3,5e-05,5e-05,"[""q_proj"", ""v_proj""]",5046272,7620662784,0.4684610999538563,0.0,0.4684610999538563,489.09069737344976,0.9662121985554695,validation_loss,0.9662121985554695,500,492.42882424686104,3,False,8e8b1657c187c1de7133f46ea540fa3bbad3bdae,3e017a8067f944009edeb0d5b7d19b5c69302ccc8c58df6fcd4de9ddfdd535ef,11ce80503aadd4b052e9bd0e3f2a1b187d179a5dbf7a2cd1cc818ef2b6cefe8f,revision_experiments.initializers.registry powerlaw_global alpha variants,project implementation,reconstructed experiment commit recorded per run,deterministic initialization seed; no task examples,submitted Table III shared training configuration
qwen,sharegpt,proposed,powerlaw_global_a06,alpha_0.6,alpha,0.6,"[0.3, 0.6, 1.0]",1107,qwen__sharegpt__qv__powerlaw_global_a06__s1107__n500__alpha_0.6,5e-05,5e-05,"[""q_proj"", ""v_proj""]",5046272,7620662784,0.42333510098978877,0.0,0.42333510098978877,488.92261383980514,0.9660472938418388,validation_loss,0.9660472938418388,500,492.21100404299796,2,False,8e8b1657c187c1de7133f46ea540fa3bbad3bdae,e5aea24e0115675724a9b21dec7e68e88a727239439c539dfde3a846ae76aa61,11ce80503aadd4b052e9bd0e3f2a1b187d179a5dbf7a2cd1cc818ef2b6cefe8f,revision_experiments.initializers.registry powerlaw_global alpha variants,project implementation,reconstructed experiment commit recorded per run,deterministic initialization seed; no task examples,submitted Table III shared training configuration
qwen,sharegpt,proposed,powerlaw_global_a10,alpha_1.0,alpha,1.0,"[0.3, 0.6, 1.0]",1107,qwen__sharegpt__qv__powerlaw_global_a10__s1107__n500__alpha_1.0,5e-05,5e-05,"[""q_proj"", ""v_proj""]",5046272,7620662784,0.5569885000004433,0.0,0.5569885000004433,488.8002923443914,0.9663524993062019,validation_loss,0.9663524993062019,500,492.12354720104486,1,True,8e8b1657c187c1de7133f46ea540fa3bbad3bdae,3bc42fea4369c96e3a1c14bb58e28ce6947a8031a9350a8e220d77e3cd831dda,11ce80503aadd4b052e9bd0e3f2a1b187d179a5dbf7a2cd1cc818ef2b6cefe8f,revision_experiments.initializers.registry powerlaw_global alpha variants,project implementation,reconstructed experiment commit recorded per run,deterministic initialization seed; no task examples,submitted Table III shared training configuration
qwen,mbpp,dora,dora,lr_x0.5,learning_rate_multiplier,0.5,"[0.5, 1.0, 2.0]",1107,qwen__mbpp__qv__dora__s1107__n500__lr_x0.5,0.00015,0.0003,"[""q_proj"", ""v_proj""]",5160960,7620777472,0.46854229999007657,0.0,0.46854229999007657,440.76428871415555,0.8781427021324635,validation_loss,0.8781427021324635,100,321.85197327751666,1,True,8e8b1657c187c1de7133f46ea540fa3bbad3bdae,3c22361fda9c1b3f66500136938ed324bd0c8fc761887b683005dce08c322707,32e16786c38fed2227b62e455ec702eb4e5da75236a3f7bd85dd4c106ec076e6,peft.LoraConfig(use_dora=true),https://github.com/NVlabs/DoRA,peft==0.17.1,pretrained model weights; no task examples,https://github.com/huggingface/peft/blob/v0.17.1/examples/dora_finetuning/dora_finetuning.py
qwen,mbpp,dora,dora,lr_x1.0,learning_rate_multiplier,1.0,"[0.5, 1.0, 2.0]",1107,qwen__mbpp__qv__dora__s1107__n500__lr_x1.0,0.0003,0.0003,"[""q_proj"", ""v_proj""]",5160960,7620777472,0.4448884989833459,0.0,0.4448884989833459,466.0868315529078,1.0592390666902065,validation_loss,1.0592390666902065,100,258.90767532540485,2,False,8e8b1657c187c1de7133f46ea540fa3bbad3bdae,6d844139ba4d5e72ffd8172fe28923e16696b0fce6ba7921604110158b404cdb,32e16786c38fed2227b62e455ec702eb4e5da75236a3f7bd85dd4c106ec076e6,peft.LoraConfig(use_dora=true),https://github.com/NVlabs/DoRA,peft==0.17.1,pretrained model weights; no task examples,https://github.com/huggingface/peft/blob/v0.17.1/examples/dora_finetuning/dora_finetuning.py
qwen,mbpp,dora,dora,lr_x2.0,learning_rate_multiplier,2.0,"[0.5, 1.0, 2.0]",1107,qwen__mbpp__qv__dora__s1107__n500__lr_x2.0,0.0006,0.0003,"[""q_proj"", ""v_proj""]",5160960,7620777472,0.46501480002189055,0.0,0.46501480002189055,481.88670845516026,1.1682440902292728,validation_loss,1.1682440902292728,100,223.64862758852541,3,False,8e8b1657c187c1de7133f46ea540fa3bbad3bdae,c149e7662d24e6f8a5c09990b72179f256d6052dac3da5714b9ce71770264244,32e16786c38fed2227b62e455ec702eb4e5da75236a3f7bd85dd4c106ec076e6,peft.LoraConfig(use_dora=true),https://github.com/NVlabs/DoRA,peft==0.17.1,pretrained model weights; no task examples,https://github.com/huggingface/peft/blob/v0.17.1/examples/dora_finetuning/dora_finetuning.py
qwen,mbpp,pissa,pissa,lr_x0.5,learning_rate_multiplier,0.5,"[0.5, 1.0, 2.0]",1107,qwen__mbpp__qv__pissa__s1107__n500__lr_x0.5,1e-05,2e-05,"[""q_proj"", ""v_proj""]",5046272,7620662784,24.844815716031007,0.0,24.844815716031007,520.9316410701722,0.9018307967483997,validation_loss,0.9018307967483997,100,519.0055486224592,3,False,8e8b1657c187c1de7133f46ea540fa3bbad3bdae,607191540236421baaf245dcba298b03f8ec4b58bed09eb1835d606e86b916cf,32e16786c38fed2227b62e455ec702eb4e5da75236a3f7bd85dd4c106ec076e6,peft.LoraConfig(init_lora_weights=pissa),https://github.com/GraphPKU/PiSSA,peft==0.17.1,pretrained model weights for exact SVD; no task examples,https://github.com/huggingface/peft/blob/v0.17.1/examples/pissa_finetuning/README.md
qwen,mbpp,pissa,pissa,lr_x1.0,learning_rate_multiplier,1.0,"[0.5, 1.0, 2.0]",1107,qwen__mbpp__qv__pissa__s1107__n500__lr_x1.0,2e-05,2e-05,"[""q_proj"", ""v_proj""]",5046272,7620662784,24.85110828001052,0.0,24.85110828001052,488.8732116110623,0.864637460410595,validation_loss,0.864637460410595,100,472.0166688747704,2,False,8e8b1657c187c1de7133f46ea540fa3bbad3bdae,0dc9eed20b49964a2bff442e3eae50e5284c96d963ef5569bf4912f6d3bae64c,32e16786c38fed2227b62e455ec702eb4e5da75236a3f7bd85dd4c106ec076e6,peft.LoraConfig(init_lora_weights=pissa),https://github.com/GraphPKU/PiSSA,peft==0.17.1,pretrained model weights for exact SVD; no task examples,https://github.com/huggingface/peft/blob/v0.17.1/examples/pissa_finetuning/README.md
qwen,mbpp,pissa,pissa,lr_x2.0,learning_rate_multiplier,2.0,"[0.5, 1.0, 2.0]",1107,qwen__mbpp__qv__pissa__s1107__n500__lr_x2.0,4e-05,2e-05,"[""q_proj"", ""v_proj""]",5046272,7620662784,24.828118389996234,0.0,24.828118389996234,469.50539467297494,0.8580230425298214,validation_loss,0.8580230425298214,100,422.88680384494364,1,True,8e8b1657c187c1de7133f46ea540fa3bbad3bdae,02528cb0c11ea064e6df9cf301018b600b8892b8db9899eafa4acc799b5fc075,32e16786c38fed2227b62e455ec702eb4e5da75236a3f7bd85dd4c106ec076e6,peft.LoraConfig(init_lora_weights=pissa),https://github.com/GraphPKU/PiSSA,peft==0.17.1,pretrained model weights for exact SVD; no task examples,https://github.com/huggingface/peft/blob/v0.17.1/examples/pissa_finetuning/README.md
qwen,mbpp,lora_one,lora_one,lr_x0.5,learning_rate_multiplier,0.5,"[0.5, 1.0, 2.0]",1107,qwen__mbpp__qv__lora_one__s1107__n500__lr_x0.5,2.5e-05,5e-05,"[""q_proj"", ""v_proj""]",5046272,7620662784,8.076308235002216,12.851196593954228,20.927504828956444,454.5917818248272,0.7989112001657486,validation_loss,0.7989112001657486,100,441.92799615487456,3,False,8e8b1657c187c1de7133f46ea540fa3bbad3bdae,3134322ed13fd717621c78741f00d23881e7838b873dfe961e8d4dd32bbb93b8,32e16786c38fed2227b62e455ec702eb4e5da75236a3f7bd85dd4c106ec076e6,revision_experiments.initializers.lora_one official stable-formula adapter with PEFT rsLoRA scaling,https://github.com/YuanheZ/LoRA-One,b797a10dcb818e9553b57fa060baa7b00df4484d,first 8 frozen screening-train batches at max_length 1024,https://github.com/YuanheZ/LoRA-One/blob/b797a10dcb818e9553b57fa060baa7b00df4484d/README.md
qwen,mbpp,lora_one,lora_one,lr_x1.0,learning_rate_multiplier,1.0,"[0.5, 1.0, 2.0]",1107,qwen__mbpp__qv__lora_one__s1107__n500__lr_x1.0,5e-05,5e-05,"[""q_proj"", ""v_proj""]",5046272,7620662784,8.074758577975444,13.613305331033189,21.688063909008633,421.1580734606832,0.7625796042382718,validation_loss,0.7625796042382718,100,378.2785634342581,1,True,8e8b1657c187c1de7133f46ea540fa3bbad3bdae,82d96bb1d07f56a2efa6e5beb89b5fd6413293f09806ec1a04f15cea0fedb797,32e16786c38fed2227b62e455ec702eb4e5da75236a3f7bd85dd4c106ec076e6,revision_experiments.initializers.lora_one official stable-formula adapter with PEFT rsLoRA scaling,https://github.com/YuanheZ/LoRA-One,b797a10dcb818e9553b57fa060baa7b00df4484d,first 8 frozen screening-train batches at max_length 1024,https://github.com/YuanheZ/LoRA-One/blob/b797a10dcb818e9553b57fa060baa7b00df4484d/README.md
qwen,mbpp,lora_one,lora_one,lr_x2.0,learning_rate_multiplier,2.0,"[0.5, 1.0, 2.0]",1107,qwen__mbpp__qv__lora_one__s1107__n500__lr_x2.0,0.0001,5e-05,"[""q_proj"", ""v_proj""]",5046272,7620662784,8.063858392997645,12.7930905080284,20.856948901026044,428.7978695426136,0.8678364579379558,validation_loss,0.8678364579379558,100,313.8281395509839,2,False,8e8b1657c187c1de7133f46ea540fa3bbad3bdae,07fadf30e58211ab43879ef1aa40856c12d86151faeef26a079116ad13ea4a5a,32e16786c38fed2227b62e455ec702eb4e5da75236a3f7bd85dd4c106ec076e6,revision_experiments.initializers.lora_one official stable-formula adapter with PEFT rsLoRA scaling,https://github.com/YuanheZ/LoRA-One,b797a10dcb818e9553b57fa060baa7b00df4484d,first 8 frozen screening-train batches at max_length 1024,https://github.com/YuanheZ/LoRA-One/blob/b797a10dcb818e9553b57fa060baa7b00df4484d/README.md
qwen,mbpp,proposed,powerlaw_global_a03,alpha_0.3,alpha,0.3,"[0.3, 0.6, 1.0]",1107,qwen__mbpp__qv__powerlaw_global_a03__s1107__n500__alpha_0.3,5e-05,5e-05,"[""q_proj"", ""v_proj""]",5046272,7620662784,0.4722695990349166,0.0,0.4722695990349166,444.78092757984996,0.7555128026008606,validation_loss,0.7555128026008606,100,420.63325642887503,3,False,8e8b1657c187c1de7133f46ea540fa3bbad3bdae,33eca758ca86f94a5ffbb02148ad3b38b64f58297e5d6146cd788326942a3329,32e16786c38fed2227b62e455ec702eb4e5da75236a3f7bd85dd4c106ec076e6,revision_experiments.initializers.registry powerlaw_global alpha variants,project implementation,reconstructed experiment commit recorded per run,deterministic initialization seed; no task examples,submitted Table III shared training configuration
qwen,mbpp,proposed,powerlaw_global_a06,alpha_0.6,alpha,0.6,"[0.3, 0.6, 1.0]",1107,qwen__mbpp__qv__powerlaw_global_a06__s1107__n500__alpha_0.6,5e-05,5e-05,"[""q_proj"", ""v_proj""]",5046272,7620662784,0.4562319000251591,0.0,0.4562319000251591,441.9005146380514,0.7541909776628017,validation_loss,0.7541909776628017,100,417.2034989427775,1,True,8e8b1657c187c1de7133f46ea540fa3bbad3bdae,dc53a18c636e73bed5f854289506723d701b96d4c8f81c4638fffe3ac42b589d,32e16786c38fed2227b62e455ec702eb4e5da75236a3f7bd85dd4c106ec076e6,revision_experiments.initializers.registry powerlaw_global alpha variants,project implementation,reconstructed experiment commit recorded per run,deterministic initialization seed; no task examples,submitted Table III shared training configuration
qwen,mbpp,proposed,powerlaw_global_a10,alpha_1.0,alpha,1.0,"[0.3, 0.6, 1.0]",1107,qwen__mbpp__qv__powerlaw_global_a10__s1107__n500__alpha_1.0,5e-05,5e-05,"[""q_proj"", ""v_proj""]",5046272,7620662784,0.4709178000339307,0.0,0.4709178000339307,442.77571016922593,0.7549693104624748,validation_loss,0.7549693104624748,100,418.09142050985247,2,False,8e8b1657c187c1de7133f46ea540fa3bbad3bdae,12f3e839770b5fbf2fad67b6532b6210c01a5ab3914b4668a42223827700a655,32e16786c38fed2227b62e455ec702eb4e5da75236a3f7bd85dd4c106ec076e6,revision_experiments.initializers.registry powerlaw_global alpha variants,project implementation,reconstructed experiment commit recorded per run,deterministic initialization seed; no task examples,submitted Table III shared training configuration
