model,task,method,seed,run_id,step,metadata_sha256,gradient_capture_ratio,gradient_frobenius_norm,nested_parameter_count,diagnostics_sha256,temporal_psd_alpha,temporal_psd_nested_sd,nested_coordinate_count,frequency_band_cycles_per_step,gradient_manifest_sha256
openpangu,cmmlu,fft_white_a0,1107,openpangu__cmmlu__qv__fft_white_a0__s1107__n500__gradlog,0,e3edf78133c5a227fe06780adadc3d6bbff021331b51f1638b82ad851fce152d,0.0037871147505939007,15.72572636604309,6.0,54ece2dd2b9279d4df2df063b1e1d9079c47ca839b2dd2ac4a2f6de5cf388664,,,,,
openpangu,cmmlu,fft_white_a0,1107,openpangu__cmmlu__qv__fft_white_a0__s1107__n500__gradlog,10,e3edf78133c5a227fe06780adadc3d6bbff021331b51f1638b82ad851fce152d,0.003519792032117645,65.68718965848286,6.0,54ece2dd2b9279d4df2df063b1e1d9079c47ca839b2dd2ac4a2f6de5cf388664,,,,,
openpangu,cmmlu,fft_white_a0,1107,openpangu__cmmlu__qv__fft_white_a0__s1107__n500__gradlog,50,e3edf78133c5a227fe06780adadc3d6bbff021331b51f1638b82ad851fce152d,0.004949743199783067,28.97920924425125,6.0,54ece2dd2b9279d4df2df063b1e1d9079c47ca839b2dd2ac4a2f6de5cf388664,,,,,
openpangu,cmmlu,fft_white_a0,1107,openpangu__cmmlu__qv__fft_white_a0__s1107__n500__gradlog,100,e3edf78133c5a227fe06780adadc3d6bbff021331b51f1638b82ad851fce152d,0.008118386225154003,5.770227417349815,6.0,54ece2dd2b9279d4df2df063b1e1d9079c47ca839b2dd2ac4a2f6de5cf388664,,,,,
openpangu,cmmlu,fft_white_a0,1107,openpangu__cmmlu__qv__fft_white_a0__s1107__n500__gradlog,250,e3edf78133c5a227fe06780adadc3d6bbff021331b51f1638b82ad851fce152d,0.015503594884648919,1.762690062324206,6.0,54ece2dd2b9279d4df2df063b1e1d9079c47ca839b2dd2ac4a2f6de5cf388664,,,,,
openpangu,cmmlu,fft_white_a0,1107,openpangu__cmmlu__qv__fft_white_a0__s1107__n500__gradlog,500,e3edf78133c5a227fe06780adadc3d6bbff021331b51f1638b82ad851fce152d,0.018926248187199235,2.5805158217748008,6.0,54ece2dd2b9279d4df2df063b1e1d9079c47ca839b2dd2ac4a2f6de5cf388664,,,,,
openpangu,cmmlu,fft_white_a0,1107,openpangu__cmmlu__qv__fft_white_a0__s1107__n500__gradlog,500,e3edf78133c5a227fe06780adadc3d6bbff021331b51f1638b82ad851fce152d,,,,,0.04820397709350697,0.5607894887098922,49152.0,"[0.01, 0.08]",91add88f029893bdec3e315baf6be3b2ef445319ef08457c598adbd6723ac6b2
openpangu,cmmlu,fft_white_a0,123,openpangu__cmmlu__qv__fft_white_a0__s123__n500__gradlog,0,bce9a23223dd2fc76c08284294b1d78b251e941ab77514ea7c8992ebd2bfd6c7,0.004674390113602082,40.34450070063273,6.0,d6dd91ff749aa795e57bbed04cc30d19a9ed997040d14e1d032b0bf66b6fc16c,,,,,
openpangu,cmmlu,fft_white_a0,123,openpangu__cmmlu__qv__fft_white_a0__s123__n500__gradlog,10,bce9a23223dd2fc76c08284294b1d78b251e941ab77514ea7c8992ebd2bfd6c7,0.004230950105314453,30.212081909179688,6.0,d6dd91ff749aa795e57bbed04cc30d19a9ed997040d14e1d032b0bf66b6fc16c,,,,,
openpangu,cmmlu,fft_white_a0,123,openpangu__cmmlu__qv__fft_white_a0__s123__n500__gradlog,50,bce9a23223dd2fc76c08284294b1d78b251e941ab77514ea7c8992ebd2bfd6c7,0.005688663455657661,9.278897861639658,6.0,d6dd91ff749aa795e57bbed04cc30d19a9ed997040d14e1d032b0bf66b6fc16c,,,,,
openpangu,cmmlu,fft_white_a0,123,openpangu__cmmlu__qv__fft_white_a0__s123__n500__gradlog,100,bce9a23223dd2fc76c08284294b1d78b251e941ab77514ea7c8992ebd2bfd6c7,0.009574706200510263,3.55801892777284,6.0,d6dd91ff749aa795e57bbed04cc30d19a9ed997040d14e1d032b0bf66b6fc16c,,,,,
openpangu,cmmlu,fft_white_a0,123,openpangu__cmmlu__qv__fft_white_a0__s123__n500__gradlog,250,bce9a23223dd2fc76c08284294b1d78b251e941ab77514ea7c8992ebd2bfd6c7,0.018675421519825857,1.7178278813759487,6.0,d6dd91ff749aa795e57bbed04cc30d19a9ed997040d14e1d032b0bf66b6fc16c,,,,,
openpangu,cmmlu,fft_white_a0,123,openpangu__cmmlu__qv__fft_white_a0__s123__n500__gradlog,500,bce9a23223dd2fc76c08284294b1d78b251e941ab77514ea7c8992ebd2bfd6c7,0.02162495853068928,2.4145153363545737,6.0,d6dd91ff749aa795e57bbed04cc30d19a9ed997040d14e1d032b0bf66b6fc16c,,,,,
openpangu,cmmlu,fft_white_a0,123,openpangu__cmmlu__qv__fft_white_a0__s123__n500__gradlog,500,bce9a23223dd2fc76c08284294b1d78b251e941ab77514ea7c8992ebd2bfd6c7,,,,,0.04640013760740525,0.4747562242575934,49152.0,"[0.01, 0.08]",91add88f029893bdec3e315baf6be3b2ef445319ef08457c598adbd6723ac6b2
openpangu,cmmlu,fft_white_a0,42,openpangu__cmmlu__qv__fft_white_a0__s42__n500__gradlog,0,e36b62e8006dfb92142fd7a8b698d11b9daccd2086e9bd9e6aa9c8a03bcfe5a0,0.004306787042878568,16.61572778224945,6.0,6648b6ef7f2955485d02614fc3c868091d932f89ed321e4c814e3971d8134276,,,,,
openpangu,cmmlu,fft_white_a0,42,openpangu__cmmlu__qv__fft_white_a0__s42__n500__gradlog,10,e36b62e8006dfb92142fd7a8b698d11b9daccd2086e9bd9e6aa9c8a03bcfe5a0,0.004724347032606602,16.454699556032818,6.0,6648b6ef7f2955485d02614fc3c868091d932f89ed321e4c814e3971d8134276,,,,,
openpangu,cmmlu,fft_white_a0,42,openpangu__cmmlu__qv__fft_white_a0__s42__n500__gradlog,50,e36b62e8006dfb92142fd7a8b698d11b9daccd2086e9bd9e6aa9c8a03bcfe5a0,0.005704069316076736,9.401457707087198,6.0,6648b6ef7f2955485d02614fc3c868091d932f89ed321e4c814e3971d8134276,,,,,
openpangu,cmmlu,fft_white_a0,42,openpangu__cmmlu__qv__fft_white_a0__s42__n500__gradlog,100,e36b62e8006dfb92142fd7a8b698d11b9daccd2086e9bd9e6aa9c8a03bcfe5a0,0.010010485459739963,3.1494527608156204,6.0,6648b6ef7f2955485d02614fc3c868091d932f89ed321e4c814e3971d8134276,,,,,
openpangu,cmmlu,fft_white_a0,42,openpangu__cmmlu__qv__fft_white_a0__s42__n500__gradlog,250,e36b62e8006dfb92142fd7a8b698d11b9daccd2086e9bd9e6aa9c8a03bcfe5a0,0.014849760259191195,3.1591219256321588,6.0,6648b6ef7f2955485d02614fc3c868091d932f89ed321e4c814e3971d8134276,,,,,
openpangu,cmmlu,fft_white_a0,42,openpangu__cmmlu__qv__fft_white_a0__s42__n500__gradlog,500,e36b62e8006dfb92142fd7a8b698d11b9daccd2086e9bd9e6aa9c8a03bcfe5a0,0.018638778827153146,3.4856946418682733,6.0,6648b6ef7f2955485d02614fc3c868091d932f89ed321e4c814e3971d8134276,,,,,
openpangu,cmmlu,fft_white_a0,42,openpangu__cmmlu__qv__fft_white_a0__s42__n500__gradlog,500,e36b62e8006dfb92142fd7a8b698d11b9daccd2086e9bd9e6aa9c8a03bcfe5a0,,,,,0.02186130471593749,0.5345759510769043,49152.0,"[0.01, 0.08]",91add88f029893bdec3e315baf6be3b2ef445319ef08457c598adbd6723ac6b2
openpangu,cmmlu,iid_matched,1107,openpangu__cmmlu__qv__iid_matched__s1107__n500__gradlog,0,25534db98e106bbc52b8733eabc083b4ac559da9928a361a2b077e4c9e39f879,0.003510833679077526,15.72572636604309,6.0,a020b8483bb56ea9672a4a4821281c4b06ccefe7809b09f76c8037cbb279d4af,,,,,
openpangu,cmmlu,iid_matched,1107,openpangu__cmmlu__qv__iid_matched__s1107__n500__gradlog,10,25534db98e106bbc52b8733eabc083b4ac559da9928a361a2b077e4c9e39f879,0.003837725807291766,49.225354393323265,6.0,a020b8483bb56ea9672a4a4821281c4b06ccefe7809b09f76c8037cbb279d4af,,,,,
openpangu,cmmlu,iid_matched,1107,openpangu__cmmlu__qv__iid_matched__s1107__n500__gradlog,50,25534db98e106bbc52b8733eabc083b4ac559da9928a361a2b077e4c9e39f879,0.0048173968292151885,34.38068276643753,6.0,a020b8483bb56ea9672a4a4821281c4b06ccefe7809b09f76c8037cbb279d4af,,,,,
openpangu,cmmlu,iid_matched,1107,openpangu__cmmlu__qv__iid_matched__s1107__n500__gradlog,100,25534db98e106bbc52b8733eabc083b4ac559da9928a361a2b077e4c9e39f879,0.008790237091792127,4.164671629667282,6.0,a020b8483bb56ea9672a4a4821281c4b06ccefe7809b09f76c8037cbb279d4af,,,,,
openpangu,cmmlu,iid_matched,1107,openpangu__cmmlu__qv__iid_matched__s1107__n500__gradlog,250,25534db98e106bbc52b8733eabc083b4ac559da9928a361a2b077e4c9e39f879,0.017036007018759847,1.7390960504611332,6.0,a020b8483bb56ea9672a4a4821281c4b06ccefe7809b09f76c8037cbb279d4af,,,,,
openpangu,cmmlu,iid_matched,1107,openpangu__cmmlu__qv__iid_matched__s1107__n500__gradlog,500,25534db98e106bbc52b8733eabc083b4ac559da9928a361a2b077e4c9e39f879,0.021687670494429767,2.1180343876282373,6.0,a020b8483bb56ea9672a4a4821281c4b06ccefe7809b09f76c8037cbb279d4af,,,,,
openpangu,cmmlu,iid_matched,1107,openpangu__cmmlu__qv__iid_matched__s1107__n500__gradlog,500,25534db98e106bbc52b8733eabc083b4ac559da9928a361a2b077e4c9e39f879,,,,,0.15744134743853824,0.528834095895251,49152.0,"[0.01, 0.08]",91add88f029893bdec3e315baf6be3b2ef445319ef08457c598adbd6723ac6b2
openpangu,cmmlu,iid_matched,123,openpangu__cmmlu__qv__iid_matched__s123__n500__gradlog,0,6653a339ff48557c5f0a4f03502a0405e0746650fbac637413c97edbdeb5642e,0.0039321787577743334,40.34450070063273,6.0,3297c25a7aba4483fbbb945612f076c4a78356e45323826f2ee5055a9c20f2a5,,,,,
openpangu,cmmlu,iid_matched,123,openpangu__cmmlu__qv__iid_matched__s123__n500__gradlog,10,6653a339ff48557c5f0a4f03502a0405e0746650fbac637413c97edbdeb5642e,0.0036097541839505234,36.76147882143656,6.0,3297c25a7aba4483fbbb945612f076c4a78356e45323826f2ee5055a9c20f2a5,,,,,
openpangu,cmmlu,iid_matched,123,openpangu__cmmlu__qv__iid_matched__s123__n500__gradlog,50,6653a339ff48557c5f0a4f03502a0405e0746650fbac637413c97edbdeb5642e,0.004515004072648783,8.960862239201864,6.0,3297c25a7aba4483fbbb945612f076c4a78356e45323826f2ee5055a9c20f2a5,,,,,
openpangu,cmmlu,iid_matched,123,openpangu__cmmlu__qv__iid_matched__s123__n500__gradlog,100,6653a339ff48557c5f0a4f03502a0405e0746650fbac637413c97edbdeb5642e,0.008805037243291736,9.315457224845886,6.0,3297c25a7aba4483fbbb945612f076c4a78356e45323826f2ee5055a9c20f2a5,,,,,
openpangu,cmmlu,iid_matched,123,openpangu__cmmlu__qv__iid_matched__s123__n500__gradlog,250,6653a339ff48557c5f0a4f03502a0405e0746650fbac637413c97edbdeb5642e,0.016918940430817504,2.2348539431889853,6.0,3297c25a7aba4483fbbb945612f076c4a78356e45323826f2ee5055a9c20f2a5,,,,,
openpangu,cmmlu,iid_matched,123,openpangu__cmmlu__qv__iid_matched__s123__n500__gradlog,500,6653a339ff48557c5f0a4f03502a0405e0746650fbac637413c97edbdeb5642e,0.017263773130252957,2.896168659130732,6.0,3297c25a7aba4483fbbb945612f076c4a78356e45323826f2ee5055a9c20f2a5,,,,,
openpangu,cmmlu,iid_matched,123,openpangu__cmmlu__qv__iid_matched__s123__n500__gradlog,500,6653a339ff48557c5f0a4f03502a0405e0746650fbac637413c97edbdeb5642e,,,,,0.035173814978873605,0.5200478301412256,49152.0,"[0.01, 0.08]",91add88f029893bdec3e315baf6be3b2ef445319ef08457c598adbd6723ac6b2
openpangu,cmmlu,iid_matched,42,openpangu__cmmlu__qv__iid_matched__s42__n500__gradlog,0,536b49405c5b7a9cbc730b03690fb9d65ccdcdf6906765c2e04bd9b316cf56d4,0.005006902851164341,16.61572778224945,6.0,901a236ad52f4656775ed3c6a4be526f1c21feaa750d7fbe0bf68804a8a29f01,,,,,
openpangu,cmmlu,iid_matched,42,openpangu__cmmlu__qv__iid_matched__s42__n500__gradlog,10,536b49405c5b7a9cbc730b03690fb9d65ccdcdf6906765c2e04bd9b316cf56d4,0.004405775417884191,17.004122614860535,6.0,901a236ad52f4656775ed3c6a4be526f1c21feaa750d7fbe0bf68804a8a29f01,,,,,
openpangu,cmmlu,iid_matched,42,openpangu__cmmlu__qv__iid_matched__s42__n500__gradlog,50,536b49405c5b7a9cbc730b03690fb9d65ccdcdf6906765c2e04bd9b316cf56d4,0.006337381317280233,10.750539600849152,6.0,901a236ad52f4656775ed3c6a4be526f1c21feaa750d7fbe0bf68804a8a29f01,,,,,
openpangu,cmmlu,iid_matched,42,openpangu__cmmlu__qv__iid_matched__s42__n500__gradlog,100,536b49405c5b7a9cbc730b03690fb9d65ccdcdf6906765c2e04bd9b316cf56d4,0.010162112147857746,24.73026731610298,6.0,901a236ad52f4656775ed3c6a4be526f1c21feaa750d7fbe0bf68804a8a29f01,,,,,
openpangu,cmmlu,iid_matched,42,openpangu__cmmlu__qv__iid_matched__s42__n500__gradlog,250,536b49405c5b7a9cbc730b03690fb9d65ccdcdf6906765c2e04bd9b316cf56d4,0.014503586532858511,5.524973923961322,6.0,901a236ad52f4656775ed3c6a4be526f1c21feaa750d7fbe0bf68804a8a29f01,,,,,
openpangu,cmmlu,iid_matched,42,openpangu__cmmlu__qv__iid_matched__s42__n500__gradlog,500,536b49405c5b7a9cbc730b03690fb9d65ccdcdf6906765c2e04bd9b316cf56d4,0.020609529378513496,2.6469496935606003,6.0,901a236ad52f4656775ed3c6a4be526f1c21feaa750d7fbe0bf68804a8a29f01,,,,,
openpangu,cmmlu,iid_matched,42,openpangu__cmmlu__qv__iid_matched__s42__n500__gradlog,500,536b49405c5b7a9cbc730b03690fb9d65ccdcdf6906765c2e04bd9b316cf56d4,,,,,0.03054140753392974,0.4546729901545993,49152.0,"[0.01, 0.08]",91add88f029893bdec3e315baf6be3b2ef445319ef08457c598adbd6723ac6b2
openpangu,cmmlu,peft_default,1107,openpangu__cmmlu__qv__peft_default__s1107__n500__gradlog,0,9e098ac91915032bb7819f1c0f2b772d0263084c2e6c624d423003e5cd740859,0.003974883661915858,15.72572636604309,6.0,3a58431349b903b95ff3df00df7d19f1f8fa5720a5949e61591e3dfc13b0af7a,,,,,
openpangu,cmmlu,peft_default,1107,openpangu__cmmlu__qv__peft_default__s1107__n500__gradlog,10,9e098ac91915032bb7819f1c0f2b772d0263084c2e6c624d423003e5cd740859,0.00430145002125452,61.754456996917725,6.0,3a58431349b903b95ff3df00df7d19f1f8fa5720a5949e61591e3dfc13b0af7a,,,,,
openpangu,cmmlu,peft_default,1107,openpangu__cmmlu__qv__peft_default__s1107__n500__gradlog,50,9e098ac91915032bb7819f1c0f2b772d0263084c2e6c624d423003e5cd740859,0.009940176193291942,56.84637006123861,6.0,3a58431349b903b95ff3df00df7d19f1f8fa5720a5949e61591e3dfc13b0af7a,,,,,
openpangu,cmmlu,peft_default,1107,openpangu__cmmlu__qv__peft_default__s1107__n500__gradlog,100,9e098ac91915032bb7819f1c0f2b772d0263084c2e6c624d423003e5cd740859,0.01867012120783329,5.711165904998779,6.0,3a58431349b903b95ff3df00df7d19f1f8fa5720a5949e61591e3dfc13b0af7a,,,,,
openpangu,cmmlu,peft_default,1107,openpangu__cmmlu__qv__peft_default__s1107__n500__gradlog,250,9e098ac91915032bb7819f1c0f2b772d0263084c2e6c624d423003e5cd740859,0.029492776840925217,1.6327932129303615,6.0,3a58431349b903b95ff3df00df7d19f1f8fa5720a5949e61591e3dfc13b0af7a,,,,,
openpangu,cmmlu,peft_default,1107,openpangu__cmmlu__qv__peft_default__s1107__n500__gradlog,500,9e098ac91915032bb7819f1c0f2b772d0263084c2e6c624d423003e5cd740859,0.03222110696757833,2.148038854201635,6.0,3a58431349b903b95ff3df00df7d19f1f8fa5720a5949e61591e3dfc13b0af7a,,,,,
openpangu,cmmlu,peft_default,1107,openpangu__cmmlu__qv__peft_default__s1107__n500__gradlog,500,9e098ac91915032bb7819f1c0f2b772d0263084c2e6c624d423003e5cd740859,,,,,0.13720653984387812,0.6070806351800662,49152.0,"[0.01, 0.08]",91add88f029893bdec3e315baf6be3b2ef445319ef08457c598adbd6723ac6b2
openpangu,cmmlu,peft_default,123,openpangu__cmmlu__qv__peft_default__s123__n500__gradlog,0,16f4aaee5aac1ae9eb6c1408d561f681ec0920200380d04e8d9f3ddbba5add92,0.0038419925064469376,40.34450070063273,6.0,2eee86dad87b4d9a1db9d30e65c764301183544dc35ba6b36493e8b4b12b3339,,,,,
openpangu,cmmlu,peft_default,123,openpangu__cmmlu__qv__peft_default__s123__n500__gradlog,10,16f4aaee5aac1ae9eb6c1408d561f681ec0920200380d04e8d9f3ddbba5add92,0.003812744631431997,40.72271986802419,6.0,2eee86dad87b4d9a1db9d30e65c764301183544dc35ba6b36493e8b4b12b3339,,,,,
openpangu,cmmlu,peft_default,123,openpangu__cmmlu__qv__peft_default__s123__n500__gradlog,50,16f4aaee5aac1ae9eb6c1408d561f681ec0920200380d04e8d9f3ddbba5add92,0.008905610224852959,12.565511027971903,6.0,2eee86dad87b4d9a1db9d30e65c764301183544dc35ba6b36493e8b4b12b3339,,,,,
openpangu,cmmlu,peft_default,123,openpangu__cmmlu__qv__peft_default__s123__n500__gradlog,100,16f4aaee5aac1ae9eb6c1408d561f681ec0920200380d04e8d9f3ddbba5add92,0.02165580913424492,3.523054376244545,6.0,2eee86dad87b4d9a1db9d30e65c764301183544dc35ba6b36493e8b4b12b3339,,,,,
openpangu,cmmlu,peft_default,123,openpangu__cmmlu__qv__peft_default__s123__n500__gradlog,250,16f4aaee5aac1ae9eb6c1408d561f681ec0920200380d04e8d9f3ddbba5add92,0.03541682451032102,1.6600289742151897,6.0,2eee86dad87b4d9a1db9d30e65c764301183544dc35ba6b36493e8b4b12b3339,,,,,
openpangu,cmmlu,peft_default,123,openpangu__cmmlu__qv__peft_default__s123__n500__gradlog,500,16f4aaee5aac1ae9eb6c1408d561f681ec0920200380d04e8d9f3ddbba5add92,0.036514507296184696,3.3061958303054175,6.0,2eee86dad87b4d9a1db9d30e65c764301183544dc35ba6b36493e8b4b12b3339,,,,,
openpangu,cmmlu,peft_default,123,openpangu__cmmlu__qv__peft_default__s123__n500__gradlog,500,16f4aaee5aac1ae9eb6c1408d561f681ec0920200380d04e8d9f3ddbba5add92,,,,,0.04673645422125546,0.64775906015629,49152.0,"[0.01, 0.08]",91add88f029893bdec3e315baf6be3b2ef445319ef08457c598adbd6723ac6b2
openpangu,cmmlu,peft_default,42,openpangu__cmmlu__qv__peft_default__s42__n500__gradlog,0,931b0dd4dd1ec9e3171ca743fa9eca8644b568c5c0c6bd1531f72786473b4bb5,0.004233495836767058,16.61572778224945,6.0,0d631358cdb8dff3f574159c4547f91563c92d5635617b760fdd11f4173ae8cb,,,,,
openpangu,cmmlu,peft_default,42,openpangu__cmmlu__qv__peft_default__s42__n500__gradlog,10,931b0dd4dd1ec9e3171ca743fa9eca8644b568c5c0c6bd1531f72786473b4bb5,0.003980572257811825,18.41954731941223,6.0,0d631358cdb8dff3f574159c4547f91563c92d5635617b760fdd11f4173ae8cb,,,,,
openpangu,cmmlu,peft_default,42,openpangu__cmmlu__qv__peft_default__s42__n500__gradlog,50,931b0dd4dd1ec9e3171ca743fa9eca8644b568c5c0c6bd1531f72786473b4bb5,0.009032834748116633,21.977367719014484,6.0,0d631358cdb8dff3f574159c4547f91563c92d5635617b760fdd11f4173ae8cb,,,,,
openpangu,cmmlu,peft_default,42,openpangu__cmmlu__qv__peft_default__s42__n500__gradlog,100,931b0dd4dd1ec9e3171ca743fa9eca8644b568c5c0c6bd1531f72786473b4bb5,0.022146446242307622,6.823194349805514,6.0,0d631358cdb8dff3f574159c4547f91563c92d5635617b760fdd11f4173ae8cb,,,,,
openpangu,cmmlu,peft_default,42,openpangu__cmmlu__qv__peft_default__s42__n500__gradlog,250,931b0dd4dd1ec9e3171ca743fa9eca8644b568c5c0c6bd1531f72786473b4bb5,0.030625921518852312,10.965994243820509,6.0,0d631358cdb8dff3f574159c4547f91563c92d5635617b760fdd11f4173ae8cb,,,,,
openpangu,cmmlu,peft_default,42,openpangu__cmmlu__qv__peft_default__s42__n500__gradlog,500,931b0dd4dd1ec9e3171ca743fa9eca8644b568c5c0c6bd1531f72786473b4bb5,0.036433261508742966,3.7596170604228973,6.0,0d631358cdb8dff3f574159c4547f91563c92d5635617b760fdd11f4173ae8cb,,,,,
openpangu,cmmlu,peft_default,42,openpangu__cmmlu__qv__peft_default__s42__n500__gradlog,500,931b0dd4dd1ec9e3171ca743fa9eca8644b568c5c0c6bd1531f72786473b4bb5,,,,,0.1920832185000476,0.5469942001864017,49152.0,"[0.01, 0.08]",91add88f029893bdec3e315baf6be3b2ef445319ef08457c598adbd6723ac6b2
openpangu,cmmlu,powerlaw_col_a06,1107,openpangu__cmmlu__qv__powerlaw_col_a06__s1107__n500__gradlog,0,3194f45c5d88902a9d6904cbd0ee8adb5d486bcb05ff3a375e12a3122b66f890,0.004108096628139417,15.72572636604309,6.0,70559729580a972255a8582ab94a45caae9c7ea54541429907d9937a2b73c68b,,,,,
openpangu,cmmlu,powerlaw_col_a06,1107,openpangu__cmmlu__qv__powerlaw_col_a06__s1107__n500__gradlog,10,3194f45c5d88902a9d6904cbd0ee8adb5d486bcb05ff3a375e12a3122b66f890,0.004449826471197109,55.2072528998057,6.0,70559729580a972255a8582ab94a45caae9c7ea54541429907d9937a2b73c68b,,,,,
openpangu,cmmlu,powerlaw_col_a06,1107,openpangu__cmmlu__qv__powerlaw_col_a06__s1107__n500__gradlog,50,3194f45c5d88902a9d6904cbd0ee8adb5d486bcb05ff3a375e12a3122b66f890,0.04165088299972316,15.064053654670715,6.0,70559729580a972255a8582ab94a45caae9c7ea54541429907d9937a2b73c68b,,,,,
openpangu,cmmlu,powerlaw_col_a06,1107,openpangu__cmmlu__qv__powerlaw_col_a06__s1107__n500__gradlog,100,3194f45c5d88902a9d6904cbd0ee8adb5d486bcb05ff3a375e12a3122b66f890,0.057189366702611245,4.350956012805303,6.0,70559729580a972255a8582ab94a45caae9c7ea54541429907d9937a2b73c68b,,,,,
openpangu,cmmlu,powerlaw_col_a06,1107,openpangu__cmmlu__qv__powerlaw_col_a06__s1107__n500__gradlog,250,3194f45c5d88902a9d6904cbd0ee8adb5d486bcb05ff3a375e12a3122b66f890,0.038046445697546005,2.1219761967658997,6.0,70559729580a972255a8582ab94a45caae9c7ea54541429907d9937a2b73c68b,,,,,
openpangu,cmmlu,powerlaw_col_a06,1107,openpangu__cmmlu__qv__powerlaw_col_a06__s1107__n500__gradlog,500,3194f45c5d88902a9d6904cbd0ee8adb5d486bcb05ff3a375e12a3122b66f890,0.04216206849863132,2.174204702178637,6.0,70559729580a972255a8582ab94a45caae9c7ea54541429907d9937a2b73c68b,,,,,
openpangu,cmmlu,powerlaw_col_a06,1107,openpangu__cmmlu__qv__powerlaw_col_a06__s1107__n500__gradlog,500,3194f45c5d88902a9d6904cbd0ee8adb5d486bcb05ff3a375e12a3122b66f890,,,,,0.13363053112225196,0.5062557486981482,49152.0,"[0.01, 0.08]",91add88f029893bdec3e315baf6be3b2ef445319ef08457c598adbd6723ac6b2
openpangu,cmmlu,powerlaw_col_a06,123,openpangu__cmmlu__qv__powerlaw_col_a06__s123__n500__gradlog,0,cc7cdc5e787c2eda60e97ef5227e55db574c5dd57acca8e36f8929cf03b9e9ab,0.004166732891462743,40.34450070063273,6.0,6b937ad22c23d2dfd4f84b0da3806cc731f63071844b00b103d8df7bd3f601af,,,,,
openpangu,cmmlu,powerlaw_col_a06,123,openpangu__cmmlu__qv__powerlaw_col_a06__s123__n500__gradlog,10,cc7cdc5e787c2eda60e97ef5227e55db574c5dd57acca8e36f8929cf03b9e9ab,0.004143270547501743,35.8974134127299,6.0,6b937ad22c23d2dfd4f84b0da3806cc731f63071844b00b103d8df7bd3f601af,,,,,
openpangu,cmmlu,powerlaw_col_a06,123,openpangu__cmmlu__qv__powerlaw_col_a06__s123__n500__gradlog,50,cc7cdc5e787c2eda60e97ef5227e55db574c5dd57acca8e36f8929cf03b9e9ab,0.06385764231284459,8.592623392740885,6.0,6b937ad22c23d2dfd4f84b0da3806cc731f63071844b00b103d8df7bd3f601af,,,,,
openpangu,cmmlu,powerlaw_col_a06,123,openpangu__cmmlu__qv__powerlaw_col_a06__s123__n500__gradlog,100,cc7cdc5e787c2eda60e97ef5227e55db574c5dd57acca8e36f8929cf03b9e9ab,0.03119041584432125,6.200686395168304,6.0,6b937ad22c23d2dfd4f84b0da3806cc731f63071844b00b103d8df7bd3f601af,,,,,
openpangu,cmmlu,powerlaw_col_a06,123,openpangu__cmmlu__qv__powerlaw_col_a06__s123__n500__gradlog,250,cc7cdc5e787c2eda60e97ef5227e55db574c5dd57acca8e36f8929cf03b9e9ab,0.03064167220145464,1.9910274147987366,6.0,6b937ad22c23d2dfd4f84b0da3806cc731f63071844b00b103d8df7bd3f601af,,,,,
openpangu,cmmlu,powerlaw_col_a06,123,openpangu__cmmlu__qv__powerlaw_col_a06__s123__n500__gradlog,500,cc7cdc5e787c2eda60e97ef5227e55db574c5dd57acca8e36f8929cf03b9e9ab,0.029059412035470206,2.630007510383924,6.0,6b937ad22c23d2dfd4f84b0da3806cc731f63071844b00b103d8df7bd3f601af,,,,,
openpangu,cmmlu,powerlaw_col_a06,123,openpangu__cmmlu__qv__powerlaw_col_a06__s123__n500__gradlog,500,cc7cdc5e787c2eda60e97ef5227e55db574c5dd57acca8e36f8929cf03b9e9ab,,,,,0.01984573100794536,0.5500998576289392,49152.0,"[0.01, 0.08]",91add88f029893bdec3e315baf6be3b2ef445319ef08457c598adbd6723ac6b2
openpangu,cmmlu,powerlaw_col_a06,42,openpangu__cmmlu__qv__powerlaw_col_a06__s42__n500__gradlog,0,c1f3aaa9ce573e6883109db5e451db376806f2c9fbf963d3effa6275e6c0e6b8,0.004751494542385141,16.61572778224945,6.0,c9f3d3d780a3ecedba13c453f6a371b5017dd734eb55d2c1047653d3cc9c143d,,,,,
openpangu,cmmlu,powerlaw_col_a06,42,openpangu__cmmlu__qv__powerlaw_col_a06__s42__n500__gradlog,10,c1f3aaa9ce573e6883109db5e451db376806f2c9fbf963d3effa6275e6c0e6b8,0.0037100499030202627,17.18308154741923,6.0,c9f3d3d780a3ecedba13c453f6a371b5017dd734eb55d2c1047653d3cc9c143d,,,,,
openpangu,cmmlu,powerlaw_col_a06,42,openpangu__cmmlu__qv__powerlaw_col_a06__s42__n500__gradlog,50,c1f3aaa9ce573e6883109db5e451db376806f2c9fbf963d3effa6275e6c0e6b8,0.054658925936867796,38.83261708418528,6.0,c9f3d3d780a3ecedba13c453f6a371b5017dd734eb55d2c1047653d3cc9c143d,,,,,
openpangu,cmmlu,powerlaw_col_a06,42,openpangu__cmmlu__qv__powerlaw_col_a06__s42__n500__gradlog,100,c1f3aaa9ce573e6883109db5e451db376806f2c9fbf963d3effa6275e6c0e6b8,0.028007523544753592,14.555175567666689,6.0,c9f3d3d780a3ecedba13c453f6a371b5017dd734eb55d2c1047653d3cc9c143d,,,,,
openpangu,cmmlu,powerlaw_col_a06,42,openpangu__cmmlu__qv__powerlaw_col_a06__s42__n500__gradlog,250,c1f3aaa9ce573e6883109db5e451db376806f2c9fbf963d3effa6275e6c0e6b8,0.026239047835891444,2.738874465227127,6.0,c9f3d3d780a3ecedba13c453f6a371b5017dd734eb55d2c1047653d3cc9c143d,,,,,
openpangu,cmmlu,powerlaw_col_a06,42,openpangu__cmmlu__qv__powerlaw_col_a06__s42__n500__gradlog,500,c1f3aaa9ce573e6883109db5e451db376806f2c9fbf963d3effa6275e6c0e6b8,0.03575594940533241,2.7091316233078637,6.0,c9f3d3d780a3ecedba13c453f6a371b5017dd734eb55d2c1047653d3cc9c143d,,,,,
openpangu,cmmlu,powerlaw_col_a06,42,openpangu__cmmlu__qv__powerlaw_col_a06__s42__n500__gradlog,500,c1f3aaa9ce573e6883109db5e451db376806f2c9fbf963d3effa6275e6c0e6b8,,,,,0.040551666170353516,0.49636067257575217,49152.0,"[0.01, 0.08]",91add88f029893bdec3e315baf6be3b2ef445319ef08457c598adbd6723ac6b2
openpangu,cmmlu,powerlaw_global_a03,1107,openpangu__cmmlu__qv__powerlaw_global_a03__s1107__n500__gradlog,0,58cd203ec7c96732c8eb1e4c6c638f665aeed097073637db49a95c1e5405a2ff,0.003701314989787837,15.72572636604309,6.0,5a9d459e838d2c74811aecbc19460b44d654300455be76b0c0a14edc8fe62763,,,,,
openpangu,cmmlu,powerlaw_global_a03,1107,openpangu__cmmlu__qv__powerlaw_global_a03__s1107__n500__gradlog,10,58cd203ec7c96732c8eb1e4c6c638f665aeed097073637db49a95c1e5405a2ff,0.003624126276311775,62.24501713116964,6.0,5a9d459e838d2c74811aecbc19460b44d654300455be76b0c0a14edc8fe62763,,,,,
openpangu,cmmlu,powerlaw_global_a03,1107,openpangu__cmmlu__qv__powerlaw_global_a03__s1107__n500__gradlog,50,58cd203ec7c96732c8eb1e4c6c638f665aeed097073637db49a95c1e5405a2ff,0.005441061725529532,51.928203304608665,6.0,5a9d459e838d2c74811aecbc19460b44d654300455be76b0c0a14edc8fe62763,,,,,
openpangu,cmmlu,powerlaw_global_a03,1107,openpangu__cmmlu__qv__powerlaw_global_a03__s1107__n500__gradlog,100,58cd203ec7c96732c8eb1e4c6c638f665aeed097073637db49a95c1e5405a2ff,0.00806938752066344,4.2286132872104645,6.0,5a9d459e838d2c74811aecbc19460b44d654300455be76b0c0a14edc8fe62763,,,,,
openpangu,cmmlu,powerlaw_global_a03,1107,openpangu__cmmlu__qv__powerlaw_global_a03__s1107__n500__gradlog,250,58cd203ec7c96732c8eb1e4c6c638f665aeed097073637db49a95c1e5405a2ff,0.015437432331964374,2.1582201967636743,6.0,5a9d459e838d2c74811aecbc19460b44d654300455be76b0c0a14edc8fe62763,,,,,
openpangu,cmmlu,powerlaw_global_a03,1107,openpangu__cmmlu__qv__powerlaw_global_a03__s1107__n500__gradlog,500,58cd203ec7c96732c8eb1e4c6c638f665aeed097073637db49a95c1e5405a2ff,0.01776689349208027,4.107042640447617,6.0,5a9d459e838d2c74811aecbc19460b44d654300455be76b0c0a14edc8fe62763,,,,,
openpangu,cmmlu,powerlaw_global_a03,1107,openpangu__cmmlu__qv__powerlaw_global_a03__s1107__n500__gradlog,500,58cd203ec7c96732c8eb1e4c6c638f665aeed097073637db49a95c1e5405a2ff,,,,,0.04016576542675951,0.46989002949458036,49152.0,"[0.01, 0.08]",91add88f029893bdec3e315baf6be3b2ef445319ef08457c598adbd6723ac6b2
openpangu,cmmlu,powerlaw_global_a03,123,openpangu__cmmlu__qv__powerlaw_global_a03__s123__n500__gradlog,0,dd65762ad09500691e1e943bc7c310a9d110a5ed6fdb1c74f183b70f9acda836,0.0035557058484603963,40.34450070063273,6.0,361639c42308accb31d64c09bb4986cc5dbcd88acec25000769adc1302c753e1,,,,,
openpangu,cmmlu,powerlaw_global_a03,123,openpangu__cmmlu__qv__powerlaw_global_a03__s123__n500__gradlog,10,dd65762ad09500691e1e943bc7c310a9d110a5ed6fdb1c74f183b70f9acda836,0.00333684958362331,80.27483900388081,6.0,361639c42308accb31d64c09bb4986cc5dbcd88acec25000769adc1302c753e1,,,,,
openpangu,cmmlu,powerlaw_global_a03,123,openpangu__cmmlu__qv__powerlaw_global_a03__s123__n500__gradlog,50,dd65762ad09500691e1e943bc7c310a9d110a5ed6fdb1c74f183b70f9acda836,0.00472864368930459,10.696453909079233,6.0,361639c42308accb31d64c09bb4986cc5dbcd88acec25000769adc1302c753e1,,,,,
openpangu,cmmlu,powerlaw_global_a03,123,openpangu__cmmlu__qv__powerlaw_global_a03__s123__n500__gradlog,100,dd65762ad09500691e1e943bc7c310a9d110a5ed6fdb1c74f183b70f9acda836,0.009092171560041606,11.176370829343796,6.0,361639c42308accb31d64c09bb4986cc5dbcd88acec25000769adc1302c753e1,,,,,
openpangu,cmmlu,powerlaw_global_a03,123,openpangu__cmmlu__qv__powerlaw_global_a03__s123__n500__gradlog,250,dd65762ad09500691e1e943bc7c310a9d110a5ed6fdb1c74f183b70f9acda836,0.016239647443095844,2.420864298939705,6.0,361639c42308accb31d64c09bb4986cc5dbcd88acec25000769adc1302c753e1,,,,,
openpangu,cmmlu,powerlaw_global_a03,123,openpangu__cmmlu__qv__powerlaw_global_a03__s123__n500__gradlog,500,dd65762ad09500691e1e943bc7c310a9d110a5ed6fdb1c74f183b70f9acda836,0.01703056611586362,2.5918897638718286,6.0,361639c42308accb31d64c09bb4986cc5dbcd88acec25000769adc1302c753e1,,,,,
openpangu,cmmlu,powerlaw_global_a03,123,openpangu__cmmlu__qv__powerlaw_global_a03__s123__n500__gradlog,500,dd65762ad09500691e1e943bc7c310a9d110a5ed6fdb1c74f183b70f9acda836,,,,,-0.020964986840759408,0.6031542538330873,49152.0,"[0.01, 0.08]",91add88f029893bdec3e315baf6be3b2ef445319ef08457c598adbd6723ac6b2
openpangu,cmmlu,powerlaw_global_a03,42,openpangu__cmmlu__qv__powerlaw_global_a03__s42__n500__gradlog,0,888220e39a1e3290334df69288a146c5877c6d12bd7155360b6a4bf9ba3cd5af,0.004294911787534754,16.61572778224945,6.0,dad89ceeea89bf7aa94c35884463da712580509afb3abf663afe2662390f0bb1,,,,,
openpangu,cmmlu,powerlaw_global_a03,42,openpangu__cmmlu__qv__powerlaw_global_a03__s42__n500__gradlog,10,888220e39a1e3290334df69288a146c5877c6d12bd7155360b6a4bf9ba3cd5af,0.004695582979669173,17.11500835418701,6.0,dad89ceeea89bf7aa94c35884463da712580509afb3abf663afe2662390f0bb1,,,,,
openpangu,cmmlu,powerlaw_global_a03,42,openpangu__cmmlu__qv__powerlaw_global_a03__s42__n500__gradlog,50,888220e39a1e3290334df69288a146c5877c6d12bd7155360b6a4bf9ba3cd5af,0.006353401074496408,9.51757425069809,6.0,dad89ceeea89bf7aa94c35884463da712580509afb3abf663afe2662390f0bb1,,,,,
openpangu,cmmlu,powerlaw_global_a03,42,openpangu__cmmlu__qv__powerlaw_global_a03__s42__n500__gradlog,100,888220e39a1e3290334df69288a146c5877c6d12bd7155360b6a4bf9ba3cd5af,0.011103931348770857,16.652581110596657,6.0,dad89ceeea89bf7aa94c35884463da712580509afb3abf663afe2662390f0bb1,,,,,
openpangu,cmmlu,powerlaw_global_a03,42,openpangu__cmmlu__qv__powerlaw_global_a03__s42__n500__gradlog,250,888220e39a1e3290334df69288a146c5877c6d12bd7155360b6a4bf9ba3cd5af,0.016968018918608625,4.94206336637338,6.0,dad89ceeea89bf7aa94c35884463da712580509afb3abf663afe2662390f0bb1,,,,,
openpangu,cmmlu,powerlaw_global_a03,42,openpangu__cmmlu__qv__powerlaw_global_a03__s42__n500__gradlog,500,888220e39a1e3290334df69288a146c5877c6d12bd7155360b6a4bf9ba3cd5af,0.022027383248011272,3.916849454243978,6.0,dad89ceeea89bf7aa94c35884463da712580509afb3abf663afe2662390f0bb1,,,,,
openpangu,cmmlu,powerlaw_global_a03,42,openpangu__cmmlu__qv__powerlaw_global_a03__s42__n500__gradlog,500,888220e39a1e3290334df69288a146c5877c6d12bd7155360b6a4bf9ba3cd5af,,,,,-0.02677344818304841,0.5380683720277492,49152.0,"[0.01, 0.08]",91add88f029893bdec3e315baf6be3b2ef445319ef08457c598adbd6723ac6b2
openpangu,cmmlu,powerlaw_global_a06,1107,openpangu__cmmlu__qv__powerlaw_global_a06__s1107__n500__gradlog,0,43dee1f7ac527b7b960701da216f834a7f81338081f50b6fa45113e3f039fd95,0.003083285274139295,15.72572636604309,6.0,2d1f226b119b4f6f16582c7a251f3916543c4f718e3356776181f1099c4a1d12,,,,,
openpangu,cmmlu,powerlaw_global_a06,1107,openpangu__cmmlu__qv__powerlaw_global_a06__s1107__n500__gradlog,10,43dee1f7ac527b7b960701da216f834a7f81338081f50b6fa45113e3f039fd95,0.0033074398525059223,48.117982824643455,6.0,2d1f226b119b4f6f16582c7a251f3916543c4f718e3356776181f1099c4a1d12,,,,,
openpangu,cmmlu,powerlaw_global_a06,1107,openpangu__cmmlu__qv__powerlaw_global_a06__s1107__n500__gradlog,50,43dee1f7ac527b7b960701da216f834a7f81338081f50b6fa45113e3f039fd95,0.0047023708854491515,9.190182705720266,6.0,2d1f226b119b4f6f16582c7a251f3916543c4f718e3356776181f1099c4a1d12,,,,,
openpangu,cmmlu,powerlaw_global_a06,1107,openpangu__cmmlu__qv__powerlaw_global_a06__s1107__n500__gradlog,100,43dee1f7ac527b7b960701da216f834a7f81338081f50b6fa45113e3f039fd95,0.008067551845063766,3.619715839624405,6.0,2d1f226b119b4f6f16582c7a251f3916543c4f718e3356776181f1099c4a1d12,,,,,
openpangu,cmmlu,powerlaw_global_a06,1107,openpangu__cmmlu__qv__powerlaw_global_a06__s1107__n500__gradlog,250,43dee1f7ac527b7b960701da216f834a7f81338081f50b6fa45113e3f039fd95,0.014877814954767624,2.2682282477617264,6.0,2d1f226b119b4f6f16582c7a251f3916543c4f718e3356776181f1099c4a1d12,,,,,
openpangu,cmmlu,powerlaw_global_a06,1107,openpangu__cmmlu__qv__powerlaw_global_a06__s1107__n500__gradlog,500,43dee1f7ac527b7b960701da216f834a7f81338081f50b6fa45113e3f039fd95,0.017279389780014753,11.408238659302393,6.0,2d1f226b119b4f6f16582c7a251f3916543c4f718e3356776181f1099c4a1d12,,,,,
openpangu,cmmlu,powerlaw_global_a06,1107,openpangu__cmmlu__qv__powerlaw_global_a06__s1107__n500__gradlog,500,43dee1f7ac527b7b960701da216f834a7f81338081f50b6fa45113e3f039fd95,,,,,0.009679285926989523,0.5922950047079873,49152.0,"[0.01, 0.08]",91add88f029893bdec3e315baf6be3b2ef445319ef08457c598adbd6723ac6b2
openpangu,cmmlu,powerlaw_global_a06,123,openpangu__cmmlu__qv__powerlaw_global_a06__s123__n500__gradlog,0,af0b3d37bcb17e13b748382d1acc7ec96ac26258092b42f8ced362ff244279b8,0.003837350212658445,40.34450070063273,6.0,790aec72c21b2be21b769f1e6c07bf5a23eba94d1cd35da33574c6b498e74d0b,,,,,
openpangu,cmmlu,powerlaw_global_a06,123,openpangu__cmmlu__qv__powerlaw_global_a06__s123__n500__gradlog,10,af0b3d37bcb17e13b748382d1acc7ec96ac26258092b42f8ced362ff244279b8,0.003737714452048143,39.46716435750326,6.0,790aec72c21b2be21b769f1e6c07bf5a23eba94d1cd35da33574c6b498e74d0b,,,,,
openpangu,cmmlu,powerlaw_global_a06,123,openpangu__cmmlu__qv__powerlaw_global_a06__s123__n500__gradlog,50,af0b3d37bcb17e13b748382d1acc7ec96ac26258092b42f8ced362ff244279b8,0.005476100758338968,18.81291139125824,6.0,790aec72c21b2be21b769f1e6c07bf5a23eba94d1cd35da33574c6b498e74d0b,,,,,
openpangu,cmmlu,powerlaw_global_a06,123,openpangu__cmmlu__qv__powerlaw_global_a06__s123__n500__gradlog,100,af0b3d37bcb17e13b748382d1acc7ec96ac26258092b42f8ced362ff244279b8,0.010006593307480216,8.01164864997069,6.0,790aec72c21b2be21b769f1e6c07bf5a23eba94d1cd35da33574c6b498e74d0b,,,,,
openpangu,cmmlu,powerlaw_global_a06,123,openpangu__cmmlu__qv__powerlaw_global_a06__s123__n500__gradlog,250,af0b3d37bcb17e13b748382d1acc7ec96ac26258092b42f8ced362ff244279b8,0.017740453748653334,2.6395189662774405,6.0,790aec72c21b2be21b769f1e6c07bf5a23eba94d1cd35da33574c6b498e74d0b,,,,,
openpangu,cmmlu,powerlaw_global_a06,123,openpangu__cmmlu__qv__powerlaw_global_a06__s123__n500__gradlog,500,af0b3d37bcb17e13b748382d1acc7ec96ac26258092b42f8ced362ff244279b8,0.018755293916910887,2.6203749577204385,6.0,790aec72c21b2be21b769f1e6c07bf5a23eba94d1cd35da33574c6b498e74d0b,,,,,
openpangu,cmmlu,powerlaw_global_a06,123,openpangu__cmmlu__qv__powerlaw_global_a06__s123__n500__gradlog,500,af0b3d37bcb17e13b748382d1acc7ec96ac26258092b42f8ced362ff244279b8,,,,,-0.04175911064401497,0.5363126765807157,49152.0,"[0.01, 0.08]",91add88f029893bdec3e315baf6be3b2ef445319ef08457c598adbd6723ac6b2
openpangu,cmmlu,powerlaw_global_a06,42,openpangu__cmmlu__qv__powerlaw_global_a06__s42__n500__gradlog,0,cf761015bd6fa3e0b7c291050be395115ef35e0762c457823eb9c3b22ad9da4d,0.004562030623977383,16.61572778224945,6.0,a094665a9af108848fc33e34aaf1594561bc15bd22595fc3f6526db71e7407a9,,,,,
openpangu,cmmlu,powerlaw_global_a06,42,openpangu__cmmlu__qv__powerlaw_global_a06__s42__n500__gradlog,10,cf761015bd6fa3e0b7c291050be395115ef35e0762c457823eb9c3b22ad9da4d,0.004318152166282137,22.400028665860493,6.0,a094665a9af108848fc33e34aaf1594561bc15bd22595fc3f6526db71e7407a9,,,,,
openpangu,cmmlu,powerlaw_global_a06,42,openpangu__cmmlu__qv__powerlaw_global_a06__s42__n500__gradlog,50,cf761015bd6fa3e0b7c291050be395115ef35e0762c457823eb9c3b22ad9da4d,0.006622417752320568,11.996762096881866,6.0,a094665a9af108848fc33e34aaf1594561bc15bd22595fc3f6526db71e7407a9,,,,,
openpangu,cmmlu,powerlaw_global_a06,42,openpangu__cmmlu__qv__powerlaw_global_a06__s42__n500__gradlog,100,cf761015bd6fa3e0b7c291050be395115ef35e0762c457823eb9c3b22ad9da4d,0.010445921837041775,4.779436488946279,6.0,a094665a9af108848fc33e34aaf1594561bc15bd22595fc3f6526db71e7407a9,,,,,
openpangu,cmmlu,powerlaw_global_a06,42,openpangu__cmmlu__qv__powerlaw_global_a06__s42__n500__gradlog,250,cf761015bd6fa3e0b7c291050be395115ef35e0762c457823eb9c3b22ad9da4d,0.016095810802653432,8.750609616438547,6.0,a094665a9af108848fc33e34aaf1594561bc15bd22595fc3f6526db71e7407a9,,,,,
openpangu,cmmlu,powerlaw_global_a06,42,openpangu__cmmlu__qv__powerlaw_global_a06__s42__n500__gradlog,500,cf761015bd6fa3e0b7c291050be395115ef35e0762c457823eb9c3b22ad9da4d,0.020101052165652316,3.729993020494779,6.0,a094665a9af108848fc33e34aaf1594561bc15bd22595fc3f6526db71e7407a9,,,,,
openpangu,cmmlu,powerlaw_global_a06,42,openpangu__cmmlu__qv__powerlaw_global_a06__s42__n500__gradlog,500,cf761015bd6fa3e0b7c291050be395115ef35e0762c457823eb9c3b22ad9da4d,,,,,-0.07482945125039454,0.5661911650169955,49152.0,"[0.01, 0.08]",91add88f029893bdec3e315baf6be3b2ef445319ef08457c598adbd6723ac6b2
openpangu,cmmlu,powerlaw_row_a06,1107,openpangu__cmmlu__qv__powerlaw_row_a06__s1107__n500__gradlog,0,932cec045d56e0f48e86af1bde266ee16434a29e82ccac66cace25890f987cf6,0.00420669555508842,15.72572636604309,6.0,078060011512f72767064a60762e768f0f7f0839e6a4ac8bdcde800a3ab89846,,,,,
openpangu,cmmlu,powerlaw_row_a06,1107,openpangu__cmmlu__qv__powerlaw_row_a06__s1107__n500__gradlog,10,932cec045d56e0f48e86af1bde266ee16434a29e82ccac66cace25890f987cf6,0.003975997096858919,54.53734044233958,6.0,078060011512f72767064a60762e768f0f7f0839e6a4ac8bdcde800a3ab89846,,,,,
openpangu,cmmlu,powerlaw_row_a06,1107,openpangu__cmmlu__qv__powerlaw_row_a06__s1107__n500__gradlog,50,932cec045d56e0f48e86af1bde266ee16434a29e82ccac66cace25890f987cf6,0.005255352550496657,9.167773147424063,6.0,078060011512f72767064a60762e768f0f7f0839e6a4ac8bdcde800a3ab89846,,,,,
openpangu,cmmlu,powerlaw_row_a06,1107,openpangu__cmmlu__qv__powerlaw_row_a06__s1107__n500__gradlog,100,932cec045d56e0f48e86af1bde266ee16434a29e82ccac66cace25890f987cf6,0.010304101587583622,7.069597497582436,6.0,078060011512f72767064a60762e768f0f7f0839e6a4ac8bdcde800a3ab89846,,,,,
openpangu,cmmlu,powerlaw_row_a06,1107,openpangu__cmmlu__qv__powerlaw_row_a06__s1107__n500__gradlog,250,932cec045d56e0f48e86af1bde266ee16434a29e82ccac66cace25890f987cf6,0.01665801500591139,1.8118702620267868,6.0,078060011512f72767064a60762e768f0f7f0839e6a4ac8bdcde800a3ab89846,,,,,
openpangu,cmmlu,powerlaw_row_a06,1107,openpangu__cmmlu__qv__powerlaw_row_a06__s1107__n500__gradlog,500,932cec045d56e0f48e86af1bde266ee16434a29e82ccac66cace25890f987cf6,0.020390365971252322,2.5176667322715125,6.0,078060011512f72767064a60762e768f0f7f0839e6a4ac8bdcde800a3ab89846,,,,,
openpangu,cmmlu,powerlaw_row_a06,1107,openpangu__cmmlu__qv__powerlaw_row_a06__s1107__n500__gradlog,500,932cec045d56e0f48e86af1bde266ee16434a29e82ccac66cace25890f987cf6,,,,,0.022661465769462156,0.516981479156602,49152.0,"[0.01, 0.08]",91add88f029893bdec3e315baf6be3b2ef445319ef08457c598adbd6723ac6b2
openpangu,cmmlu,powerlaw_row_a06,123,openpangu__cmmlu__qv__powerlaw_row_a06__s123__n500__gradlog,0,9548aa499a2a238660ed82acc02648719a987a730ea6462331925c6dbc1ca92b,0.0037137704202905297,40.34450070063273,6.0,e2e35346f54193373e4b7dd50f81492922274436955c0a45adac601a56069ed7,,,,,
openpangu,cmmlu,powerlaw_row_a06,123,openpangu__cmmlu__qv__powerlaw_row_a06__s123__n500__gradlog,10,9548aa499a2a238660ed82acc02648719a987a730ea6462331925c6dbc1ca92b,0.003509361413307488,34.13171843687693,6.0,e2e35346f54193373e4b7dd50f81492922274436955c0a45adac601a56069ed7,,,,,
openpangu,cmmlu,powerlaw_row_a06,123,openpangu__cmmlu__qv__powerlaw_row_a06__s123__n500__gradlog,50,9548aa499a2a238660ed82acc02648719a987a730ea6462331925c6dbc1ca92b,0.00500712834764272,8.231251041094461,6.0,e2e35346f54193373e4b7dd50f81492922274436955c0a45adac601a56069ed7,,,,,
openpangu,cmmlu,powerlaw_row_a06,123,openpangu__cmmlu__qv__powerlaw_row_a06__s123__n500__gradlog,100,9548aa499a2a238660ed82acc02648719a987a730ea6462331925c6dbc1ca92b,0.008442248140151301,3.037938207387924,6.0,e2e35346f54193373e4b7dd50f81492922274436955c0a45adac601a56069ed7,,,,,
openpangu,cmmlu,powerlaw_row_a06,123,openpangu__cmmlu__qv__powerlaw_row_a06__s123__n500__gradlog,250,9548aa499a2a238660ed82acc02648719a987a730ea6462331925c6dbc1ca92b,0.015986824485783774,1.7523066451152165,6.0,e2e35346f54193373e4b7dd50f81492922274436955c0a45adac601a56069ed7,,,,,
openpangu,cmmlu,powerlaw_row_a06,123,openpangu__cmmlu__qv__powerlaw_row_a06__s123__n500__gradlog,500,9548aa499a2a238660ed82acc02648719a987a730ea6462331925c6dbc1ca92b,0.015889023197814822,2.3810661186774573,6.0,e2e35346f54193373e4b7dd50f81492922274436955c0a45adac601a56069ed7,,,,,
openpangu,cmmlu,powerlaw_row_a06,123,openpangu__cmmlu__qv__powerlaw_row_a06__s123__n500__gradlog,500,9548aa499a2a238660ed82acc02648719a987a730ea6462331925c6dbc1ca92b,,,,,-0.04023086891350074,0.5791883039855499,49152.0,"[0.01, 0.08]",91add88f029893bdec3e315baf6be3b2ef445319ef08457c598adbd6723ac6b2
openpangu,cmmlu,powerlaw_row_a06,42,openpangu__cmmlu__qv__powerlaw_row_a06__s42__n500__gradlog,0,a0289a31e98b6f6607c5b68df167f034b88ceba2f298c4e009003d0c4752b307,0.00347161878986905,16.61572778224945,6.0,310331110d5fa2229e5a632acf38b1fe9e5a61d69a2c8e1319fbe2f64f8b8c4c,,,,,
openpangu,cmmlu,powerlaw_row_a06,42,openpangu__cmmlu__qv__powerlaw_row_a06__s42__n500__gradlog,10,a0289a31e98b6f6607c5b68df167f034b88ceba2f298c4e009003d0c4752b307,0.0037460859942560396,17.833990573883057,6.0,310331110d5fa2229e5a632acf38b1fe9e5a61d69a2c8e1319fbe2f64f8b8c4c,,,,,
openpangu,cmmlu,powerlaw_row_a06,42,openpangu__cmmlu__qv__powerlaw_row_a06__s42__n500__gradlog,50,a0289a31e98b6f6607c5b68df167f034b88ceba2f298c4e009003d0c4752b307,0.005211052174369494,25.142755210399628,6.0,310331110d5fa2229e5a632acf38b1fe9e5a61d69a2c8e1319fbe2f64f8b8c4c,,,,,
openpangu,cmmlu,powerlaw_row_a06,42,openpangu__cmmlu__qv__powerlaw_row_a06__s42__n500__gradlog,100,a0289a31e98b6f6607c5b68df167f034b88ceba2f298c4e009003d0c4752b307,0.008999524405226111,10.290661762158075,6.0,310331110d5fa2229e5a632acf38b1fe9e5a61d69a2c8e1319fbe2f64f8b8c4c,,,,,
openpangu,cmmlu,powerlaw_row_a06,42,openpangu__cmmlu__qv__powerlaw_row_a06__s42__n500__gradlog,250,a0289a31e98b6f6607c5b68df167f034b88ceba2f298c4e009003d0c4752b307,0.01389633414025108,2.2451617320378623,6.0,310331110d5fa2229e5a632acf38b1fe9e5a61d69a2c8e1319fbe2f64f8b8c4c,,,,,
openpangu,cmmlu,powerlaw_row_a06,42,openpangu__cmmlu__qv__powerlaw_row_a06__s42__n500__gradlog,500,a0289a31e98b6f6607c5b68df167f034b88ceba2f298c4e009003d0c4752b307,0.018054839844504993,2.4066872745752335,6.0,310331110d5fa2229e5a632acf38b1fe9e5a61d69a2c8e1319fbe2f64f8b8c4c,,,,,
openpangu,cmmlu,powerlaw_row_a06,42,openpangu__cmmlu__qv__powerlaw_row_a06__s42__n500__gradlog,500,a0289a31e98b6f6607c5b68df167f034b88ceba2f298c4e009003d0c4752b307,,,,,0.058660271007819925,0.47251853752916295,49152.0,"[0.01, 0.08]",91add88f029893bdec3e315baf6be3b2ef445319ef08457c598adbd6723ac6b2
openpangu,cmmlu,powerlaw_shuffle_a06,1107,openpangu__cmmlu__qv__powerlaw_shuffle_a06__s1107__n500__gradlog,0,f126a36db64ce1f7170ce11c7bdddb76be81280862434901f6b5577af0603e79,0.0038227586386104426,15.72572636604309,6.0,803509e72cc77e59e9245d77460f3bb82ccd97189548d644076ed751785e7e09,,,,,
openpangu,cmmlu,powerlaw_shuffle_a06,1107,openpangu__cmmlu__qv__powerlaw_shuffle_a06__s1107__n500__gradlog,10,f126a36db64ce1f7170ce11c7bdddb76be81280862434901f6b5577af0603e79,0.0035210892480487623,58.79412627220154,6.0,803509e72cc77e59e9245d77460f3bb82ccd97189548d644076ed751785e7e09,,,,,
openpangu,cmmlu,powerlaw_shuffle_a06,1107,openpangu__cmmlu__qv__powerlaw_shuffle_a06__s1107__n500__gradlog,50,f126a36db64ce1f7170ce11c7bdddb76be81280862434901f6b5577af0603e79,0.00589918236558636,25.18757337331772,6.0,803509e72cc77e59e9245d77460f3bb82ccd97189548d644076ed751785e7e09,,,,,
openpangu,cmmlu,powerlaw_shuffle_a06,1107,openpangu__cmmlu__qv__powerlaw_shuffle_a06__s1107__n500__gradlog,100,f126a36db64ce1f7170ce11c7bdddb76be81280862434901f6b5577af0603e79,0.00804334250278771,5.213375543554624,6.0,803509e72cc77e59e9245d77460f3bb82ccd97189548d644076ed751785e7e09,,,,,
openpangu,cmmlu,powerlaw_shuffle_a06,1107,openpangu__cmmlu__qv__powerlaw_shuffle_a06__s1107__n500__gradlog,250,f126a36db64ce1f7170ce11c7bdddb76be81280862434901f6b5577af0603e79,0.015393469327439865,1.8516994665066402,6.0,803509e72cc77e59e9245d77460f3bb82ccd97189548d644076ed751785e7e09,,,,,
openpangu,cmmlu,powerlaw_shuffle_a06,1107,openpangu__cmmlu__qv__powerlaw_shuffle_a06__s1107__n500__gradlog,500,f126a36db64ce1f7170ce11c7bdddb76be81280862434901f6b5577af0603e79,0.018360920502648998,2.3499035636583963,6.0,803509e72cc77e59e9245d77460f3bb82ccd97189548d644076ed751785e7e09,,,,,
openpangu,cmmlu,powerlaw_shuffle_a06,1107,openpangu__cmmlu__qv__powerlaw_shuffle_a06__s1107__n500__gradlog,500,f126a36db64ce1f7170ce11c7bdddb76be81280862434901f6b5577af0603e79,,,,,0.13557534325448786,0.5394884913188873,49152.0,"[0.01, 0.08]",91add88f029893bdec3e315baf6be3b2ef445319ef08457c598adbd6723ac6b2
openpangu,cmmlu,powerlaw_shuffle_a06,123,openpangu__cmmlu__qv__powerlaw_shuffle_a06__s123__n500__gradlog,0,66095d2a7565e1e79567fc3895e814d35b240b41264c6fd835a70a0686cbc11b,0.003100220812484622,40.34450070063273,6.0,793ee2f1652e6cf0cd6e311e8631181f05480b99de5e51a67207df86e01d5c53,,,,,
openpangu,cmmlu,powerlaw_shuffle_a06,123,openpangu__cmmlu__qv__powerlaw_shuffle_a06__s123__n500__gradlog,10,66095d2a7565e1e79567fc3895e814d35b240b41264c6fd835a70a0686cbc11b,0.0031405334981779256,36.51145704587301,6.0,793ee2f1652e6cf0cd6e311e8631181f05480b99de5e51a67207df86e01d5c53,,,,,
openpangu,cmmlu,powerlaw_shuffle_a06,123,openpangu__cmmlu__qv__powerlaw_shuffle_a06__s123__n500__gradlog,50,66095d2a7565e1e79567fc3895e814d35b240b41264c6fd835a70a0686cbc11b,0.00421619089320302,14.232313533624014,6.0,793ee2f1652e6cf0cd6e311e8631181f05480b99de5e51a67207df86e01d5c53,,,,,
openpangu,cmmlu,powerlaw_shuffle_a06,123,openpangu__cmmlu__qv__powerlaw_shuffle_a06__s123__n500__gradlog,100,66095d2a7565e1e79567fc3895e814d35b240b41264c6fd835a70a0686cbc11b,0.008546103180075685,8.425108581781387,6.0,793ee2f1652e6cf0cd6e311e8631181f05480b99de5e51a67207df86e01d5c53,,,,,
openpangu,cmmlu,powerlaw_shuffle_a06,123,openpangu__cmmlu__qv__powerlaw_shuffle_a06__s123__n500__gradlog,250,66095d2a7565e1e79567fc3895e814d35b240b41264c6fd835a70a0686cbc11b,0.015422311456253132,4.161693662405014,6.0,793ee2f1652e6cf0cd6e311e8631181f05480b99de5e51a67207df86e01d5c53,,,,,
openpangu,cmmlu,powerlaw_shuffle_a06,123,openpangu__cmmlu__qv__powerlaw_shuffle_a06__s123__n500__gradlog,500,66095d2a7565e1e79567fc3895e814d35b240b41264c6fd835a70a0686cbc11b,0.017021102985988062,2.9889611254135766,6.0,793ee2f1652e6cf0cd6e311e8631181f05480b99de5e51a67207df86e01d5c53,,,,,
openpangu,cmmlu,powerlaw_shuffle_a06,123,openpangu__cmmlu__qv__powerlaw_shuffle_a06__s123__n500__gradlog,500,66095d2a7565e1e79567fc3895e814d35b240b41264c6fd835a70a0686cbc11b,,,,,0.04806192724049931,0.5323245658935217,49152.0,"[0.01, 0.08]",91add88f029893bdec3e315baf6be3b2ef445319ef08457c598adbd6723ac6b2
openpangu,cmmlu,powerlaw_shuffle_a06,42,openpangu__cmmlu__qv__powerlaw_shuffle_a06__s42__n500__gradlog,0,59ade3a3e5b3175f466e692936cd3ca4151a67c34a87e9e6d53272cc1986f571,0.004082771483808756,16.61572778224945,6.0,c6d3844c4f554e2ea378cb05a415b22b189d9842627e640669cb44df28d38210,,,,,
openpangu,cmmlu,powerlaw_shuffle_a06,42,openpangu__cmmlu__qv__powerlaw_shuffle_a06__s42__n500__gradlog,10,59ade3a3e5b3175f466e692936cd3ca4151a67c34a87e9e6d53272cc1986f571,0.004375715817635258,16.719163457552593,6.0,c6d3844c4f554e2ea378cb05a415b22b189d9842627e640669cb44df28d38210,,,,,
openpangu,cmmlu,powerlaw_shuffle_a06,42,openpangu__cmmlu__qv__powerlaw_shuffle_a06__s42__n500__gradlog,50,59ade3a3e5b3175f466e692936cd3ca4151a67c34a87e9e6d53272cc1986f571,0.0059522299173598485,9.472764571507772,6.0,c6d3844c4f554e2ea378cb05a415b22b189d9842627e640669cb44df28d38210,,,,,
openpangu,cmmlu,powerlaw_shuffle_a06,42,openpangu__cmmlu__qv__powerlaw_shuffle_a06__s42__n500__gradlog,100,59ade3a3e5b3175f466e692936cd3ca4151a67c34a87e9e6d53272cc1986f571,0.010659088147804141,15.27544978260994,6.0,c6d3844c4f554e2ea378cb05a415b22b189d9842627e640669cb44df28d38210,,,,,
openpangu,cmmlu,powerlaw_shuffle_a06,42,openpangu__cmmlu__qv__powerlaw_shuffle_a06__s42__n500__gradlog,250,59ade3a3e5b3175f466e692936cd3ca4151a67c34a87e9e6d53272cc1986f571,0.015551453495087722,3.9323574751615524,6.0,c6d3844c4f554e2ea378cb05a415b22b189d9842627e640669cb44df28d38210,,,,,
openpangu,cmmlu,powerlaw_shuffle_a06,42,openpangu__cmmlu__qv__powerlaw_shuffle_a06__s42__n500__gradlog,500,59ade3a3e5b3175f466e692936cd3ca4151a67c34a87e9e6d53272cc1986f571,0.019371123402379453,2.978536273042361,6.0,c6d3844c4f554e2ea378cb05a415b22b189d9842627e640669cb44df28d38210,,,,,
openpangu,cmmlu,powerlaw_shuffle_a06,42,openpangu__cmmlu__qv__powerlaw_shuffle_a06__s42__n500__gradlog,500,59ade3a3e5b3175f466e692936cd3ca4151a67c34a87e9e6d53272cc1986f571,,,,,-0.03694276254512946,0.5573376276275183,49152.0,"[0.01, 0.08]",91add88f029893bdec3e315baf6be3b2ef445319ef08457c598adbd6723ac6b2
qwen,cmmlu,fft_white_a0,1107,qwen__cmmlu__qv__fft_white_a0__s1107__n500__gradlog,0,4e7dd72ba4dcf616da859a5bb751de3e59d5c8b56a43053d53087c4bd011eee3,0.004526413977146149,1.4479023466507595,6.0,8154517eef8d459444fbeff741e85779c261fd6254ad9841dceeb7b0f764f4c8,,,,,
qwen,cmmlu,fft_white_a0,1107,qwen__cmmlu__qv__fft_white_a0__s1107__n500__gradlog,10,4e7dd72ba4dcf616da859a5bb751de3e59d5c8b56a43053d53087c4bd011eee3,0.004667505738325417,1.6210255076487858,6.0,8154517eef8d459444fbeff741e85779c261fd6254ad9841dceeb7b0f764f4c8,,,,,
qwen,cmmlu,fft_white_a0,1107,qwen__cmmlu__qv__fft_white_a0__s1107__n500__gradlog,50,4e7dd72ba4dcf616da859a5bb751de3e59d5c8b56a43053d53087c4bd011eee3,0.006590540908897917,0.7074458847443262,6.0,8154517eef8d459444fbeff741e85779c261fd6254ad9841dceeb7b0f764f4c8,,,,,
qwen,cmmlu,fft_white_a0,1107,qwen__cmmlu__qv__fft_white_a0__s1107__n500__gradlog,100,4e7dd72ba4dcf616da859a5bb751de3e59d5c8b56a43053d53087c4bd011eee3,0.007398855173960328,0.5046374524633089,6.0,8154517eef8d459444fbeff741e85779c261fd6254ad9841dceeb7b0f764f4c8,,,,,
qwen,cmmlu,fft_white_a0,1107,qwen__cmmlu__qv__fft_white_a0__s1107__n500__gradlog,250,4e7dd72ba4dcf616da859a5bb751de3e59d5c8b56a43053d53087c4bd011eee3,0.014248169958591461,0.5194242497285207,6.0,8154517eef8d459444fbeff741e85779c261fd6254ad9841dceeb7b0f764f4c8,,,,,
qwen,cmmlu,fft_white_a0,1107,qwen__cmmlu__qv__fft_white_a0__s1107__n500__gradlog,500,4e7dd72ba4dcf616da859a5bb751de3e59d5c8b56a43053d53087c4bd011eee3,0.016846575929472845,0.575512150923411,6.0,8154517eef8d459444fbeff741e85779c261fd6254ad9841dceeb7b0f764f4c8,,,,,
qwen,cmmlu,fft_white_a0,1107,qwen__cmmlu__qv__fft_white_a0__s1107__n500__gradlog,500,4e7dd72ba4dcf616da859a5bb751de3e59d5c8b56a43053d53087c4bd011eee3,,,,,-0.1121942884901413,0.47561811690947114,49152.0,"[0.01, 0.08]",f65ddfe5372beb292b7b539e34ad543dd7c4aade78321a6de994ff65b156ddcd
qwen,cmmlu,fft_white_a0,123,qwen__cmmlu__qv__fft_white_a0__s123__n500__gradlog,0,0dd873a7166b616b401590d65f3f837ff9d3e5fe0e447c850c1b4ff8e0812e2d,0.004331482768369217,1.5387309590975444,6.0,9f35ceea988d504b1c9f45012190e5282688bac3b4e4ad1fb5730f2a26bd3c64,,,,,
qwen,cmmlu,fft_white_a0,123,qwen__cmmlu__qv__fft_white_a0__s123__n500__gradlog,10,0dd873a7166b616b401590d65f3f837ff9d3e5fe0e447c850c1b4ff8e0812e2d,0.0043295865956073,1.4143007844686508,6.0,9f35ceea988d504b1c9f45012190e5282688bac3b4e4ad1fb5730f2a26bd3c64,,,,,
qwen,cmmlu,fft_white_a0,123,qwen__cmmlu__qv__fft_white_a0__s123__n500__gradlog,50,0dd873a7166b616b401590d65f3f837ff9d3e5fe0e447c850c1b4ff8e0812e2d,0.0073182966249684496,0.7514919390281042,6.0,9f35ceea988d504b1c9f45012190e5282688bac3b4e4ad1fb5730f2a26bd3c64,,,,,
qwen,cmmlu,fft_white_a0,123,qwen__cmmlu__qv__fft_white_a0__s123__n500__gradlog,100,0dd873a7166b616b401590d65f3f837ff9d3e5fe0e447c850c1b4ff8e0812e2d,0.00930438213981688,0.4475083214541276,6.0,9f35ceea988d504b1c9f45012190e5282688bac3b4e4ad1fb5730f2a26bd3c64,,,,,
qwen,cmmlu,fft_white_a0,123,qwen__cmmlu__qv__fft_white_a0__s123__n500__gradlog,250,0dd873a7166b616b401590d65f3f837ff9d3e5fe0e447c850c1b4ff8e0812e2d,0.012891328893601894,0.5377626145879427,6.0,9f35ceea988d504b1c9f45012190e5282688bac3b4e4ad1fb5730f2a26bd3c64,,,,,
qwen,cmmlu,fft_white_a0,123,qwen__cmmlu__qv__fft_white_a0__s123__n500__gradlog,500,0dd873a7166b616b401590d65f3f837ff9d3e5fe0e447c850c1b4ff8e0812e2d,0.015181339035431543,0.6269332394003868,6.0,9f35ceea988d504b1c9f45012190e5282688bac3b4e4ad1fb5730f2a26bd3c64,,,,,
qwen,cmmlu,fft_white_a0,123,qwen__cmmlu__qv__fft_white_a0__s123__n500__gradlog,500,0dd873a7166b616b401590d65f3f837ff9d3e5fe0e447c850c1b4ff8e0812e2d,,,,,-0.06787833375172124,0.4909295877443153,49152.0,"[0.01, 0.08]",f65ddfe5372beb292b7b539e34ad543dd7c4aade78321a6de994ff65b156ddcd
qwen,cmmlu,fft_white_a0,42,qwen__cmmlu__qv__fft_white_a0__s42__n500__gradlog,0,f29d8a71b015a05e03828e0929ee22ce216816287489857e8f063f1a705e3544,0.004122518856699268,1.4035229831933975,6.0,9158d4d66fbcbf82275509fe2b43d1dab6eb60403781d17e88ba4cabab1c72b9,,,,,
qwen,cmmlu,fft_white_a0,42,qwen__cmmlu__qv__fft_white_a0__s42__n500__gradlog,10,f29d8a71b015a05e03828e0929ee22ce216816287489857e8f063f1a705e3544,0.003914830934566756,1.5839906086524327,6.0,9158d4d66fbcbf82275509fe2b43d1dab6eb60403781d17e88ba4cabab1c72b9,,,,,
qwen,cmmlu,fft_white_a0,42,qwen__cmmlu__qv__fft_white_a0__s42__n500__gradlog,50,f29d8a71b015a05e03828e0929ee22ce216816287489857e8f063f1a705e3544,0.00644156332903852,0.7747785995403925,6.0,9158d4d66fbcbf82275509fe2b43d1dab6eb60403781d17e88ba4cabab1c72b9,,,,,
qwen,cmmlu,fft_white_a0,42,qwen__cmmlu__qv__fft_white_a0__s42__n500__gradlog,100,f29d8a71b015a05e03828e0929ee22ce216816287489857e8f063f1a705e3544,0.009820899072413644,0.6991380428274473,6.0,9158d4d66fbcbf82275509fe2b43d1dab6eb60403781d17e88ba4cabab1c72b9,,,,,
qwen,cmmlu,fft_white_a0,42,qwen__cmmlu__qv__fft_white_a0__s42__n500__gradlog,250,f29d8a71b015a05e03828e0929ee22ce216816287489857e8f063f1a705e3544,0.012727087906872233,0.6470460196336111,6.0,9158d4d66fbcbf82275509fe2b43d1dab6eb60403781d17e88ba4cabab1c72b9,,,,,
qwen,cmmlu,fft_white_a0,42,qwen__cmmlu__qv__fft_white_a0__s42__n500__gradlog,500,f29d8a71b015a05e03828e0929ee22ce216816287489857e8f063f1a705e3544,0.014780197758227587,0.638338732222716,6.0,9158d4d66fbcbf82275509fe2b43d1dab6eb60403781d17e88ba4cabab1c72b9,,,,,
qwen,cmmlu,fft_white_a0,42,qwen__cmmlu__qv__fft_white_a0__s42__n500__gradlog,500,f29d8a71b015a05e03828e0929ee22ce216816287489857e8f063f1a705e3544,,,,,-0.09321725864962786,0.47878946431793656,49152.0,"[0.01, 0.08]",f65ddfe5372beb292b7b539e34ad543dd7c4aade78321a6de994ff65b156ddcd
qwen,cmmlu,iid_matched,1107,qwen__cmmlu__qv__iid_matched__s1107__n500__gradlog,0,8abc35addafc18fdd72adae616c0caeb95259c9b78dbadca5a130d4f256142c9,0.0042523240360120935,1.4479023466507595,6.0,0ee6b11b756d605a8bd9725a0b76284c2f04393cf7418293e75686f285135f7c,,,,,
qwen,cmmlu,iid_matched,1107,qwen__cmmlu__qv__iid_matched__s1107__n500__gradlog,10,8abc35addafc18fdd72adae616c0caeb95259c9b78dbadca5a130d4f256142c9,0.004435465089045465,1.5996734847625096,6.0,0ee6b11b756d605a8bd9725a0b76284c2f04393cf7418293e75686f285135f7c,,,,,
qwen,cmmlu,iid_matched,1107,qwen__cmmlu__qv__iid_matched__s1107__n500__gradlog,50,8abc35addafc18fdd72adae616c0caeb95259c9b78dbadca5a130d4f256142c9,0.006856344640254974,0.7006381650765737,6.0,0ee6b11b756d605a8bd9725a0b76284c2f04393cf7418293e75686f285135f7c,,,,,
qwen,cmmlu,iid_matched,1107,qwen__cmmlu__qv__iid_matched__s1107__n500__gradlog,100,8abc35addafc18fdd72adae616c0caeb95259c9b78dbadca5a130d4f256142c9,0.007688827967892091,0.5040394738316536,6.0,0ee6b11b756d605a8bd9725a0b76284c2f04393cf7418293e75686f285135f7c,,,,,
qwen,cmmlu,iid_matched,1107,qwen__cmmlu__qv__iid_matched__s1107__n500__gradlog,250,8abc35addafc18fdd72adae616c0caeb95259c9b78dbadca5a130d4f256142c9,0.01527131861075759,0.5277385339140892,6.0,0ee6b11b756d605a8bd9725a0b76284c2f04393cf7418293e75686f285135f7c,,,,,
qwen,cmmlu,iid_matched,1107,qwen__cmmlu__qv__iid_matched__s1107__n500__gradlog,500,8abc35addafc18fdd72adae616c0caeb95259c9b78dbadca5a130d4f256142c9,0.01515073305927217,0.5660553748408953,6.0,0ee6b11b756d605a8bd9725a0b76284c2f04393cf7418293e75686f285135f7c,,,,,
qwen,cmmlu,iid_matched,1107,qwen__cmmlu__qv__iid_matched__s1107__n500__gradlog,500,8abc35addafc18fdd72adae616c0caeb95259c9b78dbadca5a130d4f256142c9,,,,,-0.09504002660876888,0.47574135184842087,49152.0,"[0.01, 0.08]",f65ddfe5372beb292b7b539e34ad543dd7c4aade78321a6de994ff65b156ddcd
qwen,cmmlu,iid_matched,123,qwen__cmmlu__qv__iid_matched__s123__n500__gradlog,0,dba069ca9abbbdaed1d2094772687f98f89dabbe2d26c2ebacb86b309edbd2e7,0.004779865421975653,1.5387309590975444,6.0,bead53780ba2b85d512707b2e314e8c9a4241d2e8e06286b70a967db1e792d6a,,,,,
qwen,cmmlu,iid_matched,123,qwen__cmmlu__qv__iid_matched__s123__n500__gradlog,10,dba069ca9abbbdaed1d2094772687f98f89dabbe2d26c2ebacb86b309edbd2e7,0.004690282202015321,1.422495389978091,6.0,bead53780ba2b85d512707b2e314e8c9a4241d2e8e06286b70a967db1e792d6a,,,,,
qwen,cmmlu,iid_matched,123,qwen__cmmlu__qv__iid_matched__s123__n500__gradlog,50,dba069ca9abbbdaed1d2094772687f98f89dabbe2d26c2ebacb86b309edbd2e7,0.007279668003320694,0.7489891846974691,6.0,bead53780ba2b85d512707b2e314e8c9a4241d2e8e06286b70a967db1e792d6a,,,,,
qwen,cmmlu,iid_matched,123,qwen__cmmlu__qv__iid_matched__s123__n500__gradlog,100,dba069ca9abbbdaed1d2094772687f98f89dabbe2d26c2ebacb86b309edbd2e7,0.009679644601419568,0.4473020111521085,6.0,bead53780ba2b85d512707b2e314e8c9a4241d2e8e06286b70a967db1e792d6a,,,,,
qwen,cmmlu,iid_matched,123,qwen__cmmlu__qv__iid_matched__s123__n500__gradlog,250,dba069ca9abbbdaed1d2094772687f98f89dabbe2d26c2ebacb86b309edbd2e7,0.013223489901671806,0.5561275457342466,6.0,bead53780ba2b85d512707b2e314e8c9a4241d2e8e06286b70a967db1e792d6a,,,,,
qwen,cmmlu,iid_matched,123,qwen__cmmlu__qv__iid_matched__s123__n500__gradlog,500,dba069ca9abbbdaed1d2094772687f98f89dabbe2d26c2ebacb86b309edbd2e7,0.015744556672871113,0.6386333306630453,6.0,bead53780ba2b85d512707b2e314e8c9a4241d2e8e06286b70a967db1e792d6a,,,,,
qwen,cmmlu,iid_matched,123,qwen__cmmlu__qv__iid_matched__s123__n500__gradlog,500,dba069ca9abbbdaed1d2094772687f98f89dabbe2d26c2ebacb86b309edbd2e7,,,,,-0.07881103589379411,0.49279711116355973,49152.0,"[0.01, 0.08]",f65ddfe5372beb292b7b539e34ad543dd7c4aade78321a6de994ff65b156ddcd
qwen,cmmlu,iid_matched,42,qwen__cmmlu__qv__iid_matched__s42__n500__gradlog,0,66d7e70bacd4d52f60c3e09eded409020c721b1bd8594f0f78691253e8df5dc7,0.004124558142696817,1.4035229831933975,6.0,18a60ebeb530dfed3ad84fa6afb3c97a49a8bd008d120ffabb8e402c2c292a8d,,,,,
qwen,cmmlu,iid_matched,42,qwen__cmmlu__qv__iid_matched__s42__n500__gradlog,10,66d7e70bacd4d52f60c3e09eded409020c721b1bd8594f0f78691253e8df5dc7,0.00428906533246239,1.5823221951723099,6.0,18a60ebeb530dfed3ad84fa6afb3c97a49a8bd008d120ffabb8e402c2c292a8d,,,,,
qwen,cmmlu,iid_matched,42,qwen__cmmlu__qv__iid_matched__s42__n500__gradlog,50,66d7e70bacd4d52f60c3e09eded409020c721b1bd8594f0f78691253e8df5dc7,0.006445974810048938,0.7698810944954554,6.0,18a60ebeb530dfed3ad84fa6afb3c97a49a8bd008d120ffabb8e402c2c292a8d,,,,,
qwen,cmmlu,iid_matched,42,qwen__cmmlu__qv__iid_matched__s42__n500__gradlog,100,66d7e70bacd4d52f60c3e09eded409020c721b1bd8594f0f78691253e8df5dc7,0.010154177978013953,0.694220706820488,6.0,18a60ebeb530dfed3ad84fa6afb3c97a49a8bd008d120ffabb8e402c2c292a8d,,,,,
qwen,cmmlu,iid_matched,42,qwen__cmmlu__qv__iid_matched__s42__n500__gradlog,250,66d7e70bacd4d52f60c3e09eded409020c721b1bd8594f0f78691253e8df5dc7,0.012966329542299112,0.645259827375412,6.0,18a60ebeb530dfed3ad84fa6afb3c97a49a8bd008d120ffabb8e402c2c292a8d,,,,,
qwen,cmmlu,iid_matched,42,qwen__cmmlu__qv__iid_matched__s42__n500__gradlog,500,66d7e70bacd4d52f60c3e09eded409020c721b1bd8594f0f78691253e8df5dc7,0.016098693789293368,0.6333006670077642,6.0,18a60ebeb530dfed3ad84fa6afb3c97a49a8bd008d120ffabb8e402c2c292a8d,,,,,
qwen,cmmlu,iid_matched,42,qwen__cmmlu__qv__iid_matched__s42__n500__gradlog,500,66d7e70bacd4d52f60c3e09eded409020c721b1bd8594f0f78691253e8df5dc7,,,,,-0.09552922942867963,0.481424159305339,49152.0,"[0.01, 0.08]",f65ddfe5372beb292b7b539e34ad543dd7c4aade78321a6de994ff65b156ddcd
qwen,cmmlu,peft_default,1107,qwen__cmmlu__qv__peft_default__s1107__n500__gradlog,0,b37efb0814b079467566e1dd271d3f285264f9af7253c6ee37417e72a3d11042,0.004188667090299229,1.4479023466507595,6.0,e63f410560b9f4d0a6ee178b959cc0e9337502010d4384bdaa04e5217bd3b667,,,,,
qwen,cmmlu,peft_default,1107,qwen__cmmlu__qv__peft_default__s1107__n500__gradlog,10,b37efb0814b079467566e1dd271d3f285264f9af7253c6ee37417e72a3d11042,0.004577703308314085,1.6281413833300273,6.0,e63f410560b9f4d0a6ee178b959cc0e9337502010d4384bdaa04e5217bd3b667,,,,,
qwen,cmmlu,peft_default,1107,qwen__cmmlu__qv__peft_default__s1107__n500__gradlog,50,b37efb0814b079467566e1dd271d3f285264f9af7253c6ee37417e72a3d11042,0.012488646122316519,0.7868847300608953,6.0,e63f410560b9f4d0a6ee178b959cc0e9337502010d4384bdaa04e5217bd3b667,,,,,
qwen,cmmlu,peft_default,1107,qwen__cmmlu__qv__peft_default__s1107__n500__gradlog,100,b37efb0814b079467566e1dd271d3f285264f9af7253c6ee37417e72a3d11042,0.01636080948325495,0.4940208817521731,6.0,e63f410560b9f4d0a6ee178b959cc0e9337502010d4384bdaa04e5217bd3b667,,,,,
qwen,cmmlu,peft_default,1107,qwen__cmmlu__qv__peft_default__s1107__n500__gradlog,250,b37efb0814b079467566e1dd271d3f285264f9af7253c6ee37417e72a3d11042,0.034214956065018974,0.4904796878496806,6.0,e63f410560b9f4d0a6ee178b959cc0e9337502010d4384bdaa04e5217bd3b667,,,,,
qwen,cmmlu,peft_default,1107,qwen__cmmlu__qv__peft_default__s1107__n500__gradlog,500,b37efb0814b079467566e1dd271d3f285264f9af7253c6ee37417e72a3d11042,0.03241118943939606,0.5340937127669653,6.0,e63f410560b9f4d0a6ee178b959cc0e9337502010d4384bdaa04e5217bd3b667,,,,,
qwen,cmmlu,peft_default,1107,qwen__cmmlu__qv__peft_default__s1107__n500__gradlog,500,b37efb0814b079467566e1dd271d3f285264f9af7253c6ee37417e72a3d11042,,,,,-0.0737689826991796,0.49589920515760927,49152.0,"[0.01, 0.08]",f65ddfe5372beb292b7b539e34ad543dd7c4aade78321a6de994ff65b156ddcd
qwen,cmmlu,peft_default,123,qwen__cmmlu__qv__peft_default__s123__n500__gradlog,0,f8a288719893837b53d79f3c783c0cfc5c8188b1c04976d7198a7744732b4861,0.004362087425154944,1.5387309590975444,6.0,c949e29d4304d3a1120bdaff281b6db1fcf3e13efce307d18be1e0ed668290cb,,,,,
qwen,cmmlu,peft_default,123,qwen__cmmlu__qv__peft_default__s123__n500__gradlog,10,f8a288719893837b53d79f3c783c0cfc5c8188b1c04976d7198a7744732b4861,0.0048102317765975995,1.437748834490776,6.0,c949e29d4304d3a1120bdaff281b6db1fcf3e13efce307d18be1e0ed668290cb,,,,,
qwen,cmmlu,peft_default,123,qwen__cmmlu__qv__peft_default__s123__n500__gradlog,50,f8a288719893837b53d79f3c783c0cfc5c8188b1c04976d7198a7744732b4861,0.013185756203408042,0.7965090125799179,6.0,c949e29d4304d3a1120bdaff281b6db1fcf3e13efce307d18be1e0ed668290cb,,,,,
qwen,cmmlu,peft_default,123,qwen__cmmlu__qv__peft_default__s123__n500__gradlog,100,f8a288719893837b53d79f3c783c0cfc5c8188b1c04976d7198a7744732b4861,0.02024625288322568,0.4366657994687557,6.0,c949e29d4304d3a1120bdaff281b6db1fcf3e13efce307d18be1e0ed668290cb,,,,,
qwen,cmmlu,peft_default,123,qwen__cmmlu__qv__peft_default__s123__n500__gradlog,250,f8a288719893837b53d79f3c783c0cfc5c8188b1c04976d7198a7744732b4861,0.02494694199413061,0.5360724255442619,6.0,c949e29d4304d3a1120bdaff281b6db1fcf3e13efce307d18be1e0ed668290cb,,,,,
qwen,cmmlu,peft_default,123,qwen__cmmlu__qv__peft_default__s123__n500__gradlog,500,f8a288719893837b53d79f3c783c0cfc5c8188b1c04976d7198a7744732b4861,0.029386335983872414,0.5949358294407526,6.0,c949e29d4304d3a1120bdaff281b6db1fcf3e13efce307d18be1e0ed668290cb,,,,,
qwen,cmmlu,peft_default,123,qwen__cmmlu__qv__peft_default__s123__n500__gradlog,500,f8a288719893837b53d79f3c783c0cfc5c8188b1c04976d7198a7744732b4861,,,,,-0.039148047833283746,0.5033856937220295,49152.0,"[0.01, 0.08]",f65ddfe5372beb292b7b539e34ad543dd7c4aade78321a6de994ff65b156ddcd
qwen,cmmlu,peft_default,42,qwen__cmmlu__qv__peft_default__s42__n500__gradlog,0,91ad8813205f2b9544618f4bc783c2e5b5bae81bb45274050d026dd2b18df212,0.004357072214285533,1.4035229831933975,6.0,bcccc9da055481f6b0638c80c8e511539efb025f5112595d177aed8d5f2c93b8,,,,,
qwen,cmmlu,peft_default,42,qwen__cmmlu__qv__peft_default__s42__n500__gradlog,10,91ad8813205f2b9544618f4bc783c2e5b5bae81bb45274050d026dd2b18df212,0.004417631852750977,1.5911749849716823,6.0,bcccc9da055481f6b0638c80c8e511539efb025f5112595d177aed8d5f2c93b8,,,,,
qwen,cmmlu,peft_default,42,qwen__cmmlu__qv__peft_default__s42__n500__gradlog,50,91ad8813205f2b9544618f4bc783c2e5b5bae81bb45274050d026dd2b18df212,0.01417950983159244,0.909064769744873,6.0,bcccc9da055481f6b0638c80c8e511539efb025f5112595d177aed8d5f2c93b8,,,,,
qwen,cmmlu,peft_default,42,qwen__cmmlu__qv__peft_default__s42__n500__gradlog,100,91ad8813205f2b9544618f4bc783c2e5b5bae81bb45274050d026dd2b18df212,0.022636332393934328,0.6857057710488638,6.0,bcccc9da055481f6b0638c80c8e511539efb025f5112595d177aed8d5f2c93b8,,,,,
qwen,cmmlu,peft_default,42,qwen__cmmlu__qv__peft_default__s42__n500__gradlog,250,91ad8813205f2b9544618f4bc783c2e5b5bae81bb45274050d026dd2b18df212,0.029902261371413868,0.6307671914498011,6.0,bcccc9da055481f6b0638c80c8e511539efb025f5112595d177aed8d5f2c93b8,,,,,
qwen,cmmlu,peft_default,42,qwen__cmmlu__qv__peft_default__s42__n500__gradlog,500,91ad8813205f2b9544618f4bc783c2e5b5bae81bb45274050d026dd2b18df212,0.03725877311080694,0.6004914740721384,6.0,bcccc9da055481f6b0638c80c8e511539efb025f5112595d177aed8d5f2c93b8,,,,,
qwen,cmmlu,peft_default,42,qwen__cmmlu__qv__peft_default__s42__n500__gradlog,500,91ad8813205f2b9544618f4bc783c2e5b5bae81bb45274050d026dd2b18df212,,,,,-0.03505707284193755,0.4869522408181025,49152.0,"[0.01, 0.08]",f65ddfe5372beb292b7b539e34ad543dd7c4aade78321a6de994ff65b156ddcd
qwen,cmmlu,powerlaw_col_a06,1107,qwen__cmmlu__qv__powerlaw_col_a06__s1107__n500__gradlog,0,2e131bf2071554051fef290d84f12117542591897bccff376dd0c48a082972c2,0.0040534532551343245,1.4479023466507595,6.0,7e6596647e44e64a5f337f6ba979546a66d999de01f336d92177d3efed4214b3,,,,,
qwen,cmmlu,powerlaw_col_a06,1107,qwen__cmmlu__qv__powerlaw_col_a06__s1107__n500__gradlog,10,2e131bf2071554051fef290d84f12117542591897bccff376dd0c48a082972c2,0.004207170141550402,1.6004366725683212,6.0,7e6596647e44e64a5f337f6ba979546a66d999de01f336d92177d3efed4214b3,,,,,
qwen,cmmlu,powerlaw_col_a06,1107,qwen__cmmlu__qv__powerlaw_col_a06__s1107__n500__gradlog,50,2e131bf2071554051fef290d84f12117542591897bccff376dd0c48a082972c2,0.0421197316609323,0.7165363331635793,6.0,7e6596647e44e64a5f337f6ba979546a66d999de01f336d92177d3efed4214b3,,,,,
qwen,cmmlu,powerlaw_col_a06,1107,qwen__cmmlu__qv__powerlaw_col_a06__s1107__n500__gradlog,100,2e131bf2071554051fef290d84f12117542591897bccff376dd0c48a082972c2,0.023238262472053368,0.4988873129089673,6.0,7e6596647e44e64a5f337f6ba979546a66d999de01f336d92177d3efed4214b3,,,,,
qwen,cmmlu,powerlaw_col_a06,1107,qwen__cmmlu__qv__powerlaw_col_a06__s1107__n500__gradlog,250,2e131bf2071554051fef290d84f12117542591897bccff376dd0c48a082972c2,0.04153642896562815,0.5243457009394964,6.0,7e6596647e44e64a5f337f6ba979546a66d999de01f336d92177d3efed4214b3,,,,,
qwen,cmmlu,powerlaw_col_a06,1107,qwen__cmmlu__qv__powerlaw_col_a06__s1107__n500__gradlog,500,2e131bf2071554051fef290d84f12117542591897bccff376dd0c48a082972c2,0.02935564083357652,0.5889353404442469,6.0,7e6596647e44e64a5f337f6ba979546a66d999de01f336d92177d3efed4214b3,,,,,
qwen,cmmlu,powerlaw_col_a06,1107,qwen__cmmlu__qv__powerlaw_col_a06__s1107__n500__gradlog,500,2e131bf2071554051fef290d84f12117542591897bccff376dd0c48a082972c2,,,,,-0.0811036178323254,0.4839987260561794,49152.0,"[0.01, 0.08]",f65ddfe5372beb292b7b539e34ad543dd7c4aade78321a6de994ff65b156ddcd
qwen,cmmlu,powerlaw_col_a06,123,qwen__cmmlu__qv__powerlaw_col_a06__s123__n500__gradlog,0,479b32627894a1cb2fa263a0c4653dfa149c811381ef5386dfd361c4ef80a7b7,0.0037895130614439645,1.5387309590975444,6.0,b5cc34d6afc0e512ed7a2a8426aec500336b34f392bf7bacc9068703dfd03923,,,,,
qwen,cmmlu,powerlaw_col_a06,123,qwen__cmmlu__qv__powerlaw_col_a06__s123__n500__gradlog,10,479b32627894a1cb2fa263a0c4653dfa149c811381ef5386dfd361c4ef80a7b7,0.003945908004728456,1.4230122317870457,6.0,b5cc34d6afc0e512ed7a2a8426aec500336b34f392bf7bacc9068703dfd03923,,,,,
qwen,cmmlu,powerlaw_col_a06,123,qwen__cmmlu__qv__powerlaw_col_a06__s123__n500__gradlog,50,479b32627894a1cb2fa263a0c4653dfa149c811381ef5386dfd361c4ef80a7b7,0.05285758090515932,0.7485107580820719,6.0,b5cc34d6afc0e512ed7a2a8426aec500336b34f392bf7bacc9068703dfd03923,,,,,
qwen,cmmlu,powerlaw_col_a06,123,qwen__cmmlu__qv__powerlaw_col_a06__s123__n500__gradlog,100,479b32627894a1cb2fa263a0c4653dfa149c811381ef5386dfd361c4ef80a7b7,0.028984804715340335,0.44274210681517917,6.0,b5cc34d6afc0e512ed7a2a8426aec500336b34f392bf7bacc9068703dfd03923,,,,,
qwen,cmmlu,powerlaw_col_a06,123,qwen__cmmlu__qv__powerlaw_col_a06__s123__n500__gradlog,250,479b32627894a1cb2fa263a0c4653dfa149c811381ef5386dfd361c4ef80a7b7,0.027258154936134815,0.5392619868119558,6.0,b5cc34d6afc0e512ed7a2a8426aec500336b34f392bf7bacc9068703dfd03923,,,,,
qwen,cmmlu,powerlaw_col_a06,123,qwen__cmmlu__qv__powerlaw_col_a06__s123__n500__gradlog,500,479b32627894a1cb2fa263a0c4653dfa149c811381ef5386dfd361c4ef80a7b7,0.02587877617528041,0.5955879092216492,6.0,b5cc34d6afc0e512ed7a2a8426aec500336b34f392bf7bacc9068703dfd03923,,,,,
qwen,cmmlu,powerlaw_col_a06,123,qwen__cmmlu__qv__powerlaw_col_a06__s123__n500__gradlog,500,479b32627894a1cb2fa263a0c4653dfa149c811381ef5386dfd361c4ef80a7b7,,,,,-0.0915869736181573,0.4907066638677517,49152.0,"[0.01, 0.08]",f65ddfe5372beb292b7b539e34ad543dd7c4aade78321a6de994ff65b156ddcd
qwen,cmmlu,powerlaw_col_a06,42,qwen__cmmlu__qv__powerlaw_col_a06__s42__n500__gradlog,0,12f27fc941c1e5985157aed2d4de1ce5a1c4da7860dfd5593b7d0eb57b2242cc,0.0038592671432221928,1.4035229831933975,6.0,888f3d163e882fe77f5e249f4494c1dab53160924b1916ddcad8784d23bee0bd,,,,,
qwen,cmmlu,powerlaw_col_a06,42,qwen__cmmlu__qv__powerlaw_col_a06__s42__n500__gradlog,10,12f27fc941c1e5985157aed2d4de1ce5a1c4da7860dfd5593b7d0eb57b2242cc,0.004163506945284705,1.5772601117690404,6.0,888f3d163e882fe77f5e249f4494c1dab53160924b1916ddcad8784d23bee0bd,,,,,
qwen,cmmlu,powerlaw_col_a06,42,qwen__cmmlu__qv__powerlaw_col_a06__s42__n500__gradlog,50,12f27fc941c1e5985157aed2d4de1ce5a1c4da7860dfd5593b7d0eb57b2242cc,0.04729432317738732,0.7663635561863581,6.0,888f3d163e882fe77f5e249f4494c1dab53160924b1916ddcad8784d23bee0bd,,,,,
qwen,cmmlu,powerlaw_col_a06,42,qwen__cmmlu__qv__powerlaw_col_a06__s42__n500__gradlog,100,12f27fc941c1e5985157aed2d4de1ce5a1c4da7860dfd5593b7d0eb57b2242cc,0.036321612152581416,0.6876148333152136,6.0,888f3d163e882fe77f5e249f4494c1dab53160924b1916ddcad8784d23bee0bd,,,,,
qwen,cmmlu,powerlaw_col_a06,42,qwen__cmmlu__qv__powerlaw_col_a06__s42__n500__gradlog,250,12f27fc941c1e5985157aed2d4de1ce5a1c4da7860dfd5593b7d0eb57b2242cc,0.03284084362288316,0.6291063527266184,6.0,888f3d163e882fe77f5e249f4494c1dab53160924b1916ddcad8784d23bee0bd,,,,,
qwen,cmmlu,powerlaw_col_a06,42,qwen__cmmlu__qv__powerlaw_col_a06__s42__n500__gradlog,500,12f27fc941c1e5985157aed2d4de1ce5a1c4da7860dfd5593b7d0eb57b2242cc,0.03605137579143047,0.6752576554814974,6.0,888f3d163e882fe77f5e249f4494c1dab53160924b1916ddcad8784d23bee0bd,,,,,
qwen,cmmlu,powerlaw_col_a06,42,qwen__cmmlu__qv__powerlaw_col_a06__s42__n500__gradlog,500,12f27fc941c1e5985157aed2d4de1ce5a1c4da7860dfd5593b7d0eb57b2242cc,,,,,-0.10061446868363295,0.48171690524130173,49152.0,"[0.01, 0.08]",f65ddfe5372beb292b7b539e34ad543dd7c4aade78321a6de994ff65b156ddcd
qwen,cmmlu,powerlaw_global_a03,1107,qwen__cmmlu__qv__powerlaw_global_a03__s1107__n500__gradlog,0,4ea09e338a03aebffbca9eacd5e146635c731c4aa1de783f5903c0ce72978aae,0.004011131473816931,1.4479023466507595,6.0,d15d3a6fa1beb9434af7b872db839db2165406bd80ca0d89af89138734deaacc,,,,,
qwen,cmmlu,powerlaw_global_a03,1107,qwen__cmmlu__qv__powerlaw_global_a03__s1107__n500__gradlog,10,4ea09e338a03aebffbca9eacd5e146635c731c4aa1de783f5903c0ce72978aae,0.00426190272749712,1.6121002435684204,6.0,d15d3a6fa1beb9434af7b872db839db2165406bd80ca0d89af89138734deaacc,,,,,
qwen,cmmlu,powerlaw_global_a03,1107,qwen__cmmlu__qv__powerlaw_global_a03__s1107__n500__gradlog,50,4ea09e338a03aebffbca9eacd5e146635c731c4aa1de783f5903c0ce72978aae,0.006114283654217918,0.7075257698694865,6.0,d15d3a6fa1beb9434af7b872db839db2165406bd80ca0d89af89138734deaacc,,,,,
qwen,cmmlu,powerlaw_global_a03,1107,qwen__cmmlu__qv__powerlaw_global_a03__s1107__n500__gradlog,100,4ea09e338a03aebffbca9eacd5e146635c731c4aa1de783f5903c0ce72978aae,0.007527504504347841,0.5044675593574842,6.0,d15d3a6fa1beb9434af7b872db839db2165406bd80ca0d89af89138734deaacc,,,,,
qwen,cmmlu,powerlaw_global_a03,1107,qwen__cmmlu__qv__powerlaw_global_a03__s1107__n500__gradlog,250,4ea09e338a03aebffbca9eacd5e146635c731c4aa1de783f5903c0ce72978aae,0.014468394064654907,0.5300673916935921,6.0,d15d3a6fa1beb9434af7b872db839db2165406bd80ca0d89af89138734deaacc,,,,,
qwen,cmmlu,powerlaw_global_a03,1107,qwen__cmmlu__qv__powerlaw_global_a03__s1107__n500__gradlog,500,4ea09e338a03aebffbca9eacd5e146635c731c4aa1de783f5903c0ce72978aae,0.016138633247464895,0.5846190899610519,6.0,d15d3a6fa1beb9434af7b872db839db2165406bd80ca0d89af89138734deaacc,,,,,
qwen,cmmlu,powerlaw_global_a03,1107,qwen__cmmlu__qv__powerlaw_global_a03__s1107__n500__gradlog,500,4ea09e338a03aebffbca9eacd5e146635c731c4aa1de783f5903c0ce72978aae,,,,,-0.08506694820665277,0.48317918180214214,49152.0,"[0.01, 0.08]",f65ddfe5372beb292b7b539e34ad543dd7c4aade78321a6de994ff65b156ddcd
qwen,cmmlu,powerlaw_global_a03,123,qwen__cmmlu__qv__powerlaw_global_a03__s123__n500__gradlog,0,e95bdc2441c88b8bd09c8c4af3a2e1d5219839588e34146508b66f4f48f4b3ed,0.004629636843067904,1.5387309590975444,6.0,ae22f162573dad6dbb017c9359a27a3f455295de908908a355c6ae745a330006,,,,,
qwen,cmmlu,powerlaw_global_a03,123,qwen__cmmlu__qv__powerlaw_global_a03__s123__n500__gradlog,10,e95bdc2441c88b8bd09c8c4af3a2e1d5219839588e34146508b66f4f48f4b3ed,0.004667207598686218,1.4251125703255336,6.0,ae22f162573dad6dbb017c9359a27a3f455295de908908a355c6ae745a330006,,,,,
qwen,cmmlu,powerlaw_global_a03,123,qwen__cmmlu__qv__powerlaw_global_a03__s123__n500__gradlog,50,e95bdc2441c88b8bd09c8c4af3a2e1d5219839588e34146508b66f4f48f4b3ed,0.007130748825147748,0.7535547961791357,6.0,ae22f162573dad6dbb017c9359a27a3f455295de908908a355c6ae745a330006,,,,,
qwen,cmmlu,powerlaw_global_a03,123,qwen__cmmlu__qv__powerlaw_global_a03__s123__n500__gradlog,100,e95bdc2441c88b8bd09c8c4af3a2e1d5219839588e34146508b66f4f48f4b3ed,0.009079702120895186,0.44524102161328,6.0,ae22f162573dad6dbb017c9359a27a3f455295de908908a355c6ae745a330006,,,,,
qwen,cmmlu,powerlaw_global_a03,123,qwen__cmmlu__qv__powerlaw_global_a03__s123__n500__gradlog,250,e95bdc2441c88b8bd09c8c4af3a2e1d5219839588e34146508b66f4f48f4b3ed,0.012476808701952299,0.539657786488533,6.0,ae22f162573dad6dbb017c9359a27a3f455295de908908a355c6ae745a330006,,,,,
qwen,cmmlu,powerlaw_global_a03,123,qwen__cmmlu__qv__powerlaw_global_a03__s123__n500__gradlog,500,e95bdc2441c88b8bd09c8c4af3a2e1d5219839588e34146508b66f4f48f4b3ed,0.014221481513231993,0.6129974871873856,6.0,ae22f162573dad6dbb017c9359a27a3f455295de908908a355c6ae745a330006,,,,,
qwen,cmmlu,powerlaw_global_a03,123,qwen__cmmlu__qv__powerlaw_global_a03__s123__n500__gradlog,500,e95bdc2441c88b8bd09c8c4af3a2e1d5219839588e34146508b66f4f48f4b3ed,,,,,-0.07401396154543904,0.49861013443191166,49152.0,"[0.01, 0.08]",f65ddfe5372beb292b7b539e34ad543dd7c4aade78321a6de994ff65b156ddcd
qwen,cmmlu,powerlaw_global_a03,42,qwen__cmmlu__qv__powerlaw_global_a03__s42__n500__gradlog,0,21fd4c7bea378234d779181c4146501764c9605d074669b134c32981da1114f5,0.004493067235065003,1.4035229831933975,6.0,feab38f06a94a5f928a20d25dcfae8157884e9d4ff66716f67a3cc671eff07ac,,,,,
qwen,cmmlu,powerlaw_global_a03,42,qwen__cmmlu__qv__powerlaw_global_a03__s42__n500__gradlog,10,21fd4c7bea378234d779181c4146501764c9605d074669b134c32981da1114f5,0.004701977440466483,1.5883010725180309,6.0,feab38f06a94a5f928a20d25dcfae8157884e9d4ff66716f67a3cc671eff07ac,,,,,
qwen,cmmlu,powerlaw_global_a03,42,qwen__cmmlu__qv__powerlaw_global_a03__s42__n500__gradlog,50,21fd4c7bea378234d779181c4146501764c9605d074669b134c32981da1114f5,0.007268240209668875,0.7854637255271276,6.0,feab38f06a94a5f928a20d25dcfae8157884e9d4ff66716f67a3cc671eff07ac,,,,,
qwen,cmmlu,powerlaw_global_a03,42,qwen__cmmlu__qv__powerlaw_global_a03__s42__n500__gradlog,100,21fd4c7bea378234d779181c4146501764c9605d074669b134c32981da1114f5,0.010424362495541573,0.6874523138006529,6.0,feab38f06a94a5f928a20d25dcfae8157884e9d4ff66716f67a3cc671eff07ac,,,,,
qwen,cmmlu,powerlaw_global_a03,42,qwen__cmmlu__qv__powerlaw_global_a03__s42__n500__gradlog,250,21fd4c7bea378234d779181c4146501764c9605d074669b134c32981da1114f5,0.013356455834582448,0.665776843825976,6.0,feab38f06a94a5f928a20d25dcfae8157884e9d4ff66716f67a3cc671eff07ac,,,,,
qwen,cmmlu,powerlaw_global_a03,42,qwen__cmmlu__qv__powerlaw_global_a03__s42__n500__gradlog,500,21fd4c7bea378234d779181c4146501764c9605d074669b134c32981da1114f5,0.01609970334296425,0.6386496772368749,6.0,feab38f06a94a5f928a20d25dcfae8157884e9d4ff66716f67a3cc671eff07ac,,,,,
qwen,cmmlu,powerlaw_global_a03,42,qwen__cmmlu__qv__powerlaw_global_a03__s42__n500__gradlog,500,21fd4c7bea378234d779181c4146501764c9605d074669b134c32981da1114f5,,,,,-0.08012187877981979,0.48324666254155507,49152.0,"[0.01, 0.08]",f65ddfe5372beb292b7b539e34ad543dd7c4aade78321a6de994ff65b156ddcd
qwen,cmmlu,powerlaw_global_a06,1107,qwen__cmmlu__qv__powerlaw_global_a06__s1107__n500__gradlog,0,d08f2fb77e9d08d6e3958abac2ae478100d56ada884df3b0f10c34203a637e4f,0.004750159258643786,1.4479023466507595,6.0,e66fbed6a8fa16bc97acc2285ba01ea54a479e693c8b24b2e3e9519d9045c042,,,,,
qwen,cmmlu,powerlaw_global_a06,1107,qwen__cmmlu__qv__powerlaw_global_a06__s1107__n500__gradlog,10,d08f2fb77e9d08d6e3958abac2ae478100d56ada884df3b0f10c34203a637e4f,0.004512296717924376,1.6133201122283936,6.0,e66fbed6a8fa16bc97acc2285ba01ea54a479e693c8b24b2e3e9519d9045c042,,,,,
qwen,cmmlu,powerlaw_global_a06,1107,qwen__cmmlu__qv__powerlaw_global_a06__s1107__n500__gradlog,50,d08f2fb77e9d08d6e3958abac2ae478100d56ada884df3b0f10c34203a637e4f,0.006881983329852422,0.7030098885297775,6.0,e66fbed6a8fa16bc97acc2285ba01ea54a479e693c8b24b2e3e9519d9045c042,,,,,
qwen,cmmlu,powerlaw_global_a06,1107,qwen__cmmlu__qv__powerlaw_global_a06__s1107__n500__gradlog,100,d08f2fb77e9d08d6e3958abac2ae478100d56ada884df3b0f10c34203a637e4f,0.008163370347271362,0.5038456420103709,6.0,e66fbed6a8fa16bc97acc2285ba01ea54a479e693c8b24b2e3e9519d9045c042,,,,,
qwen,cmmlu,powerlaw_global_a06,1107,qwen__cmmlu__qv__powerlaw_global_a06__s1107__n500__gradlog,250,d08f2fb77e9d08d6e3958abac2ae478100d56ada884df3b0f10c34203a637e4f,0.014281470173348984,0.5182348191738129,6.0,e66fbed6a8fa16bc97acc2285ba01ea54a479e693c8b24b2e3e9519d9045c042,,,,,
qwen,cmmlu,powerlaw_global_a06,1107,qwen__cmmlu__qv__powerlaw_global_a06__s1107__n500__gradlog,500,d08f2fb77e9d08d6e3958abac2ae478100d56ada884df3b0f10c34203a637e4f,0.015410072403028607,0.5681546479463577,6.0,e66fbed6a8fa16bc97acc2285ba01ea54a479e693c8b24b2e3e9519d9045c042,,,,,
qwen,cmmlu,powerlaw_global_a06,1107,qwen__cmmlu__qv__powerlaw_global_a06__s1107__n500__gradlog,500,d08f2fb77e9d08d6e3958abac2ae478100d56ada884df3b0f10c34203a637e4f,,,,,-0.09273585734638734,0.478559813289861,49152.0,"[0.01, 0.08]",f65ddfe5372beb292b7b539e34ad543dd7c4aade78321a6de994ff65b156ddcd
qwen,cmmlu,powerlaw_global_a06,123,qwen__cmmlu__qv__powerlaw_global_a06__s123__n500__gradlog,0,4a2c3f41c756cfd29834719737deb836410db814280b129da969b9b2f199f364,0.0052455489834149676,1.5387309590975444,6.0,24f94902f18565bfbc524064fbd49d8ac64e53732131e088cbee7f0614174d53,,,,,
qwen,cmmlu,powerlaw_global_a06,123,qwen__cmmlu__qv__powerlaw_global_a06__s123__n500__gradlog,10,4a2c3f41c756cfd29834719737deb836410db814280b129da969b9b2f199f364,0.0055192261934280396,1.4368008822202682,6.0,24f94902f18565bfbc524064fbd49d8ac64e53732131e088cbee7f0614174d53,,,,,
qwen,cmmlu,powerlaw_global_a06,123,qwen__cmmlu__qv__powerlaw_global_a06__s123__n500__gradlog,50,4a2c3f41c756cfd29834719737deb836410db814280b129da969b9b2f199f364,0.008420501369982958,0.7627198124925295,6.0,24f94902f18565bfbc524064fbd49d8ac64e53732131e088cbee7f0614174d53,,,,,
qwen,cmmlu,powerlaw_global_a06,123,qwen__cmmlu__qv__powerlaw_global_a06__s123__n500__gradlog,100,4a2c3f41c756cfd29834719737deb836410db814280b129da969b9b2f199f364,0.010499709285795689,0.44547273715337116,6.0,24f94902f18565bfbc524064fbd49d8ac64e53732131e088cbee7f0614174d53,,,,,
qwen,cmmlu,powerlaw_global_a06,123,qwen__cmmlu__qv__powerlaw_global_a06__s123__n500__gradlog,250,4a2c3f41c756cfd29834719737deb836410db814280b129da969b9b2f199f364,0.01339543346936504,0.5406981681783994,6.0,24f94902f18565bfbc524064fbd49d8ac64e53732131e088cbee7f0614174d53,,,,,
qwen,cmmlu,powerlaw_global_a06,123,qwen__cmmlu__qv__powerlaw_global_a06__s123__n500__gradlog,500,4a2c3f41c756cfd29834719737deb836410db814280b129da969b9b2f199f364,0.015562204954524836,0.6347576056917509,6.0,24f94902f18565bfbc524064fbd49d8ac64e53732131e088cbee7f0614174d53,,,,,
qwen,cmmlu,powerlaw_global_a06,123,qwen__cmmlu__qv__powerlaw_global_a06__s123__n500__gradlog,500,4a2c3f41c756cfd29834719737deb836410db814280b129da969b9b2f199f364,,,,,-0.08738991068764096,0.48895066639683255,49152.0,"[0.01, 0.08]",f65ddfe5372beb292b7b539e34ad543dd7c4aade78321a6de994ff65b156ddcd
qwen,cmmlu,powerlaw_global_a06,42,qwen__cmmlu__qv__powerlaw_global_a06__s42__n500__gradlog,0,3661da09ef1ae9ca630a25193e02ff38eb10ace7d4d74f41720e0d1bb071196d,0.004517050848032038,1.4035229831933975,6.0,7216ad25ecae0346a1696e88af9b8fa47b96506486dbffeb67d74a5e3f8424ab,,,,,
qwen,cmmlu,powerlaw_global_a06,42,qwen__cmmlu__qv__powerlaw_global_a06__s42__n500__gradlog,10,3661da09ef1ae9ca630a25193e02ff38eb10ace7d4d74f41720e0d1bb071196d,0.004648222665612896,1.5693787038326263,6.0,7216ad25ecae0346a1696e88af9b8fa47b96506486dbffeb67d74a5e3f8424ab,,,,,
qwen,cmmlu,powerlaw_global_a06,42,qwen__cmmlu__qv__powerlaw_global_a06__s42__n500__gradlog,50,3661da09ef1ae9ca630a25193e02ff38eb10ace7d4d74f41720e0d1bb071196d,0.007657112708936135,0.7601497819026312,6.0,7216ad25ecae0346a1696e88af9b8fa47b96506486dbffeb67d74a5e3f8424ab,,,,,
qwen,cmmlu,powerlaw_global_a06,42,qwen__cmmlu__qv__powerlaw_global_a06__s42__n500__gradlog,100,3661da09ef1ae9ca630a25193e02ff38eb10ace7d4d74f41720e0d1bb071196d,0.011485989515980085,0.6891963382562002,6.0,7216ad25ecae0346a1696e88af9b8fa47b96506486dbffeb67d74a5e3f8424ab,,,,,
qwen,cmmlu,powerlaw_global_a06,42,qwen__cmmlu__qv__powerlaw_global_a06__s42__n500__gradlog,250,3661da09ef1ae9ca630a25193e02ff38eb10ace7d4d74f41720e0d1bb071196d,0.014359804491202036,0.6567616537213326,6.0,7216ad25ecae0346a1696e88af9b8fa47b96506486dbffeb67d74a5e3f8424ab,,,,,
qwen,cmmlu,powerlaw_global_a06,42,qwen__cmmlu__qv__powerlaw_global_a06__s42__n500__gradlog,500,3661da09ef1ae9ca630a25193e02ff38eb10ace7d4d74f41720e0d1bb071196d,0.016631297146280605,0.6534498482942581,6.0,7216ad25ecae0346a1696e88af9b8fa47b96506486dbffeb67d74a5e3f8424ab,,,,,
qwen,cmmlu,powerlaw_global_a06,42,qwen__cmmlu__qv__powerlaw_global_a06__s42__n500__gradlog,500,3661da09ef1ae9ca630a25193e02ff38eb10ace7d4d74f41720e0d1bb071196d,,,,,-0.09830989976678932,0.4776214346886114,49152.0,"[0.01, 0.08]",f65ddfe5372beb292b7b539e34ad543dd7c4aade78321a6de994ff65b156ddcd
qwen,cmmlu,powerlaw_row_a06,1107,qwen__cmmlu__qv__powerlaw_row_a06__s1107__n500__gradlog,0,c7b486af18ecbe7a37663cddbb681c203023c2e6c72bb2e0b400b9a9b8183cf5,0.004753355518914759,1.4479023466507595,6.0,ff160c78079476dcea4457b29c70743b58cf29dabde3b04f57bb341bd079ecb9,,,,,
qwen,cmmlu,powerlaw_row_a06,1107,qwen__cmmlu__qv__powerlaw_row_a06__s1107__n500__gradlog,10,c7b486af18ecbe7a37663cddbb681c203023c2e6c72bb2e0b400b9a9b8183cf5,0.004910048524228235,1.6183896710475285,6.0,ff160c78079476dcea4457b29c70743b58cf29dabde3b04f57bb341bd079ecb9,,,,,
qwen,cmmlu,powerlaw_row_a06,1107,qwen__cmmlu__qv__powerlaw_row_a06__s1107__n500__gradlog,50,c7b486af18ecbe7a37663cddbb681c203023c2e6c72bb2e0b400b9a9b8183cf5,0.0067818396879980964,0.7147028843561808,6.0,ff160c78079476dcea4457b29c70743b58cf29dabde3b04f57bb341bd079ecb9,,,,,
qwen,cmmlu,powerlaw_row_a06,1107,qwen__cmmlu__qv__powerlaw_row_a06__s1107__n500__gradlog,100,c7b486af18ecbe7a37663cddbb681c203023c2e6c72bb2e0b400b9a9b8183cf5,0.00804562975342075,0.5101852342486382,6.0,ff160c78079476dcea4457b29c70743b58cf29dabde3b04f57bb341bd079ecb9,,,,,
qwen,cmmlu,powerlaw_row_a06,1107,qwen__cmmlu__qv__powerlaw_row_a06__s1107__n500__gradlog,250,c7b486af18ecbe7a37663cddbb681c203023c2e6c72bb2e0b400b9a9b8183cf5,0.01426585220421354,0.5093515316645304,6.0,ff160c78079476dcea4457b29c70743b58cf29dabde3b04f57bb341bd079ecb9,,,,,
qwen,cmmlu,powerlaw_row_a06,1107,qwen__cmmlu__qv__powerlaw_row_a06__s1107__n500__gradlog,500,c7b486af18ecbe7a37663cddbb681c203023c2e6c72bb2e0b400b9a9b8183cf5,0.015130591035510102,0.5717402696609497,6.0,ff160c78079476dcea4457b29c70743b58cf29dabde3b04f57bb341bd079ecb9,,,,,
qwen,cmmlu,powerlaw_row_a06,1107,qwen__cmmlu__qv__powerlaw_row_a06__s1107__n500__gradlog,500,c7b486af18ecbe7a37663cddbb681c203023c2e6c72bb2e0b400b9a9b8183cf5,,,,,-0.08227684575024437,0.490456010121533,49152.0,"[0.01, 0.08]",f65ddfe5372beb292b7b539e34ad543dd7c4aade78321a6de994ff65b156ddcd
qwen,cmmlu,powerlaw_row_a06,123,qwen__cmmlu__qv__powerlaw_row_a06__s123__n500__gradlog,0,35b5749261c31cd0faa03d18077aa5d5536560bfb3e1b30eee52377f91304227,0.00415654379564027,1.5387309590975444,6.0,bf2b81fb2799db8a64a1b946499f762b92171c24d44ffe32488e50c28e879003,,,,,
qwen,cmmlu,powerlaw_row_a06,123,qwen__cmmlu__qv__powerlaw_row_a06__s123__n500__gradlog,10,35b5749261c31cd0faa03d18077aa5d5536560bfb3e1b30eee52377f91304227,0.0045481188377986355,1.4241177290678024,6.0,bf2b81fb2799db8a64a1b946499f762b92171c24d44ffe32488e50c28e879003,,,,,
qwen,cmmlu,powerlaw_row_a06,123,qwen__cmmlu__qv__powerlaw_row_a06__s123__n500__gradlog,50,35b5749261c31cd0faa03d18077aa5d5536560bfb3e1b30eee52377f91304227,0.006716158124618232,0.7540329198042551,6.0,bf2b81fb2799db8a64a1b946499f762b92171c24d44ffe32488e50c28e879003,,,,,
qwen,cmmlu,powerlaw_row_a06,123,qwen__cmmlu__qv__powerlaw_row_a06__s123__n500__gradlog,100,35b5749261c31cd0faa03d18077aa5d5536560bfb3e1b30eee52377f91304227,0.00942166211704413,0.44715721035997075,6.0,bf2b81fb2799db8a64a1b946499f762b92171c24d44ffe32488e50c28e879003,,,,,
qwen,cmmlu,powerlaw_row_a06,123,qwen__cmmlu__qv__powerlaw_row_a06__s123__n500__gradlog,250,35b5749261c31cd0faa03d18077aa5d5536560bfb3e1b30eee52377f91304227,0.013172656996175647,0.5703277314702669,6.0,bf2b81fb2799db8a64a1b946499f762b92171c24d44ffe32488e50c28e879003,,,,,
qwen,cmmlu,powerlaw_row_a06,123,qwen__cmmlu__qv__powerlaw_row_a06__s123__n500__gradlog,500,35b5749261c31cd0faa03d18077aa5d5536560bfb3e1b30eee52377f91304227,0.015381915106748542,0.6598077937960625,6.0,bf2b81fb2799db8a64a1b946499f762b92171c24d44ffe32488e50c28e879003,,,,,
qwen,cmmlu,powerlaw_row_a06,123,qwen__cmmlu__qv__powerlaw_row_a06__s123__n500__gradlog,500,35b5749261c31cd0faa03d18077aa5d5536560bfb3e1b30eee52377f91304227,,,,,-0.08119465026734914,0.4923713308828756,49152.0,"[0.01, 0.08]",f65ddfe5372beb292b7b539e34ad543dd7c4aade78321a6de994ff65b156ddcd
qwen,cmmlu,powerlaw_row_a06,42,qwen__cmmlu__qv__powerlaw_row_a06__s42__n500__gradlog,0,97bfe96de7547ff4fc5bfd701737c621e2ef29b48ae31d6d45211e25ab5ef49f,0.004103291818561654,1.4035229831933975,6.0,b60034455b463231c0920c98190d781362814a1c0619920448652c643f6e6b4f,,,,,
qwen,cmmlu,powerlaw_row_a06,42,qwen__cmmlu__qv__powerlaw_row_a06__s42__n500__gradlog,10,97bfe96de7547ff4fc5bfd701737c621e2ef29b48ae31d6d45211e25ab5ef49f,0.004079851554706693,1.593998024861018,6.0,b60034455b463231c0920c98190d781362814a1c0619920448652c643f6e6b4f,,,,,
qwen,cmmlu,powerlaw_row_a06,42,qwen__cmmlu__qv__powerlaw_row_a06__s42__n500__gradlog,50,97bfe96de7547ff4fc5bfd701737c621e2ef29b48ae31d6d45211e25ab5ef49f,0.007090540990854303,0.7891020228465399,6.0,b60034455b463231c0920c98190d781362814a1c0619920448652c643f6e6b4f,,,,,
qwen,cmmlu,powerlaw_row_a06,42,qwen__cmmlu__qv__powerlaw_row_a06__s42__n500__gradlog,100,97bfe96de7547ff4fc5bfd701737c621e2ef29b48ae31d6d45211e25ab5ef49f,0.010266664748390516,0.7005927264690399,6.0,b60034455b463231c0920c98190d781362814a1c0619920448652c643f6e6b4f,,,,,
qwen,cmmlu,powerlaw_row_a06,42,qwen__cmmlu__qv__powerlaw_row_a06__s42__n500__gradlog,250,97bfe96de7547ff4fc5bfd701737c621e2ef29b48ae31d6d45211e25ab5ef49f,0.01315181857595841,0.6659044424692789,6.0,b60034455b463231c0920c98190d781362814a1c0619920448652c643f6e6b4f,,,,,
qwen,cmmlu,powerlaw_row_a06,42,qwen__cmmlu__qv__powerlaw_row_a06__s42__n500__gradlog,500,97bfe96de7547ff4fc5bfd701737c621e2ef29b48ae31d6d45211e25ab5ef49f,0.015286466805264354,0.6484524011611938,6.0,b60034455b463231c0920c98190d781362814a1c0619920448652c643f6e6b4f,,,,,
qwen,cmmlu,powerlaw_row_a06,42,qwen__cmmlu__qv__powerlaw_row_a06__s42__n500__gradlog,500,97bfe96de7547ff4fc5bfd701737c621e2ef29b48ae31d6d45211e25ab5ef49f,,,,,-0.10885487067179778,0.47875780030165316,49152.0,"[0.01, 0.08]",f65ddfe5372beb292b7b539e34ad543dd7c4aade78321a6de994ff65b156ddcd
qwen,cmmlu,powerlaw_shuffle_a06,1107,qwen__cmmlu__qv__powerlaw_shuffle_a06__s1107__n500__gradlog,0,3355413958cf0d4de1442951dbbbc35873f8eb1f0d476c8dc277f32052caab5c,0.00456612432996432,1.4479023466507595,6.0,735bff18df9cbd7a742b6a3e4b20280ddcd7fbce1bdf36af99b2ef3a6d8956d1,,,,,
qwen,cmmlu,powerlaw_shuffle_a06,1107,qwen__cmmlu__qv__powerlaw_shuffle_a06__s1107__n500__gradlog,10,3355413958cf0d4de1442951dbbbc35873f8eb1f0d476c8dc277f32052caab5c,0.004777219573346277,1.6023422131935756,6.0,735bff18df9cbd7a742b6a3e4b20280ddcd7fbce1bdf36af99b2ef3a6d8956d1,,,,,
qwen,cmmlu,powerlaw_shuffle_a06,1107,qwen__cmmlu__qv__powerlaw_shuffle_a06__s1107__n500__gradlog,50,3355413958cf0d4de1442951dbbbc35873f8eb1f0d476c8dc277f32052caab5c,0.006728480802848935,0.7124391297499338,6.0,735bff18df9cbd7a742b6a3e4b20280ddcd7fbce1bdf36af99b2ef3a6d8956d1,,,,,
qwen,cmmlu,powerlaw_shuffle_a06,1107,qwen__cmmlu__qv__powerlaw_shuffle_a06__s1107__n500__gradlog,100,3355413958cf0d4de1442951dbbbc35873f8eb1f0d476c8dc277f32052caab5c,0.008288249528656403,0.4991668313741684,6.0,735bff18df9cbd7a742b6a3e4b20280ddcd7fbce1bdf36af99b2ef3a6d8956d1,,,,,
qwen,cmmlu,powerlaw_shuffle_a06,1107,qwen__cmmlu__qv__powerlaw_shuffle_a06__s1107__n500__gradlog,250,3355413958cf0d4de1442951dbbbc35873f8eb1f0d476c8dc277f32052caab5c,0.015223549834142128,0.5274261087179184,6.0,735bff18df9cbd7a742b6a3e4b20280ddcd7fbce1bdf36af99b2ef3a6d8956d1,,,,,
qwen,cmmlu,powerlaw_shuffle_a06,1107,qwen__cmmlu__qv__powerlaw_shuffle_a06__s1107__n500__gradlog,500,3355413958cf0d4de1442951dbbbc35873f8eb1f0d476c8dc277f32052caab5c,0.016457853683580954,0.6236970474322637,6.0,735bff18df9cbd7a742b6a3e4b20280ddcd7fbce1bdf36af99b2ef3a6d8956d1,,,,,
qwen,cmmlu,powerlaw_shuffle_a06,1107,qwen__cmmlu__qv__powerlaw_shuffle_a06__s1107__n500__gradlog,500,3355413958cf0d4de1442951dbbbc35873f8eb1f0d476c8dc277f32052caab5c,,,,,-0.078369827040442,0.486412730696984,49152.0,"[0.01, 0.08]",f65ddfe5372beb292b7b539e34ad543dd7c4aade78321a6de994ff65b156ddcd
qwen,cmmlu,powerlaw_shuffle_a06,123,qwen__cmmlu__qv__powerlaw_shuffle_a06__s123__n500__gradlog,0,032824d4ca8cf22c6c50abd99fe57803b1888577c577bf21b53eb908da3d7249,0.004333763422134022,1.5387309590975444,6.0,aa705af7872e83345225beb823212e997a20cbdce2116f735d22afc060c763e5,,,,,
qwen,cmmlu,powerlaw_shuffle_a06,123,qwen__cmmlu__qv__powerlaw_shuffle_a06__s123__n500__gradlog,10,032824d4ca8cf22c6c50abd99fe57803b1888577c577bf21b53eb908da3d7249,0.0048053865709031625,1.4141406764586766,6.0,aa705af7872e83345225beb823212e997a20cbdce2116f735d22afc060c763e5,,,,,
qwen,cmmlu,powerlaw_shuffle_a06,123,qwen__cmmlu__qv__powerlaw_shuffle_a06__s123__n500__gradlog,50,032824d4ca8cf22c6c50abd99fe57803b1888577c577bf21b53eb908da3d7249,0.006782293397312363,0.7500960032145182,6.0,aa705af7872e83345225beb823212e997a20cbdce2116f735d22afc060c763e5,,,,,
qwen,cmmlu,powerlaw_shuffle_a06,123,qwen__cmmlu__qv__powerlaw_shuffle_a06__s123__n500__gradlog,100,032824d4ca8cf22c6c50abd99fe57803b1888577c577bf21b53eb908da3d7249,0.008419828411812583,0.4431768519183,6.0,aa705af7872e83345225beb823212e997a20cbdce2116f735d22afc060c763e5,,,,,
qwen,cmmlu,powerlaw_shuffle_a06,123,qwen__cmmlu__qv__powerlaw_shuffle_a06__s123__n500__gradlog,250,032824d4ca8cf22c6c50abd99fe57803b1888577c577bf21b53eb908da3d7249,0.013112101781492433,0.5388573681314787,6.0,aa705af7872e83345225beb823212e997a20cbdce2116f735d22afc060c763e5,,,,,
qwen,cmmlu,powerlaw_shuffle_a06,123,qwen__cmmlu__qv__powerlaw_shuffle_a06__s123__n500__gradlog,500,032824d4ca8cf22c6c50abd99fe57803b1888577c577bf21b53eb908da3d7249,0.013263215698922673,0.6184035241603851,6.0,aa705af7872e83345225beb823212e997a20cbdce2116f735d22afc060c763e5,,,,,
qwen,cmmlu,powerlaw_shuffle_a06,123,qwen__cmmlu__qv__powerlaw_shuffle_a06__s123__n500__gradlog,500,032824d4ca8cf22c6c50abd99fe57803b1888577c577bf21b53eb908da3d7249,,,,,-0.0787414642313408,0.4964124494957356,49152.0,"[0.01, 0.08]",f65ddfe5372beb292b7b539e34ad543dd7c4aade78321a6de994ff65b156ddcd
qwen,cmmlu,powerlaw_shuffle_a06,42,qwen__cmmlu__qv__powerlaw_shuffle_a06__s42__n500__gradlog,0,ddde783ca875ef5185b676539ec9892d0902d5abf4ce5304aa7f8f2b1e1ded37,0.004553767464434107,1.4035229831933975,6.0,8879ddd80859685bb95bcc13429599f69a65581c2a41a6ba775aca3c973731ed,,,,,
qwen,cmmlu,powerlaw_shuffle_a06,42,qwen__cmmlu__qv__powerlaw_shuffle_a06__s42__n500__gradlog,10,ddde783ca875ef5185b676539ec9892d0902d5abf4ce5304aa7f8f2b1e1ded37,0.004186859237961471,1.576763391494751,6.0,8879ddd80859685bb95bcc13429599f69a65581c2a41a6ba775aca3c973731ed,,,,,
qwen,cmmlu,powerlaw_shuffle_a06,42,qwen__cmmlu__qv__powerlaw_shuffle_a06__s42__n500__gradlog,50,ddde783ca875ef5185b676539ec9892d0902d5abf4ce5304aa7f8f2b1e1ded37,0.0070610806966821356,0.741440492371718,6.0,8879ddd80859685bb95bcc13429599f69a65581c2a41a6ba775aca3c973731ed,,,,,
qwen,cmmlu,powerlaw_shuffle_a06,42,qwen__cmmlu__qv__powerlaw_shuffle_a06__s42__n500__gradlog,100,ddde783ca875ef5185b676539ec9892d0902d5abf4ce5304aa7f8f2b1e1ded37,0.010811767308041453,0.7023139422138532,6.0,8879ddd80859685bb95bcc13429599f69a65581c2a41a6ba775aca3c973731ed,,,,,
qwen,cmmlu,powerlaw_shuffle_a06,42,qwen__cmmlu__qv__powerlaw_shuffle_a06__s42__n500__gradlog,250,ddde783ca875ef5185b676539ec9892d0902d5abf4ce5304aa7f8f2b1e1ded37,0.013275507915144166,0.6450895965099335,6.0,8879ddd80859685bb95bcc13429599f69a65581c2a41a6ba775aca3c973731ed,,,,,
qwen,cmmlu,powerlaw_shuffle_a06,42,qwen__cmmlu__qv__powerlaw_shuffle_a06__s42__n500__gradlog,500,ddde783ca875ef5185b676539ec9892d0902d5abf4ce5304aa7f8f2b1e1ded37,0.01528420664059619,0.6393761535485586,6.0,8879ddd80859685bb95bcc13429599f69a65581c2a41a6ba775aca3c973731ed,,,,,
qwen,cmmlu,powerlaw_shuffle_a06,42,qwen__cmmlu__qv__powerlaw_shuffle_a06__s42__n500__gradlog,500,ddde783ca875ef5185b676539ec9892d0902d5abf4ce5304aa7f8f2b1e1ded37,,,,,-0.12225481964278602,0.4726749770434037,49152.0,"[0.01, 0.08]",f65ddfe5372beb292b7b539e34ad543dd7c4aade78321a6de994ff65b156ddcd
