method,seed,rows,columns,mean,std,variance,frobenius_norm,spectral_norm,max_abs,skewness,kurtosis,psd_slope,psd_alpha,psd_r_squared,source_artifact,source_sha256
iid_matched,1107,16,4096,1.5279510989785194e-10,0.0220540519803762,0.0004863812355324,5.645837783813477,1.4882949590682983,0.0946268513798713,0.007583528291434,0.0010609626770019,0.0058932847148147,-0.0058932847148147,0.0082808555574248,/home/b205/FDA_INIT/revision_experiments/results/audits/initialization_statistics.csv,8598aab57d7db9f7af53749b91252638ddb6638e9ce770da133d19a08307f138
iid_matched,123,16,4096,-8.640199666842817e-11,0.0220540538430213,0.0004863813228439,5.645837783813477,1.4945050477981567,0.0974059402942657,0.001825779210776,0.0106880664825439,0.0130174350984715,-0.0130174350984715,0.0235127901058608,/home/b205/FDA_INIT/revision_experiments/results/audits/initialization_statistics.csv,8598aab57d7db9f7af53749b91252638ddb6638e9ce770da133d19a08307f138
iid_matched,42,16,4096,1.4824763638898728e-10,0.0220540538430213,0.0004863812937401,5.645838260650635,1.474753737449646,0.1101490780711174,0.0041470783762633,0.0270066261291503,0.0489743452991585,-0.0489743452991585,0.2128148736594419,/home/b205/FDA_INIT/revision_experiments/results/audits/initialization_statistics.csv,8598aab57d7db9f7af53749b91252638ddb6638e9ce770da133d19a08307f138
fft_white_a0,1107,16,4096,0.0,0.0220540538430213,0.0004863812646362,5.645836353302002,1.49083149433136,0.0929265841841697,0.0054803793318569,-0.0104641914367675,0.0135672911817363,-0.0135672911817363,0.2807659347767279,/home/b205/FDA_INIT/revision_experiments/results/audits/initialization_statistics.csv,8598aab57d7db9f7af53749b91252638ddb6638e9ce770da133d19a08307f138
fft_white_a0,123,16,4096,0.0,0.0220540538430213,0.0004863813228439,5.645839214324951,1.4835258722305298,0.0945381373167038,0.0028966206591576,-0.0102114677429199,-0.0008922439103929,0.0008922439103929,0.0021153421305579,/home/b205/FDA_INIT/revision_experiments/results/audits/initialization_statistics.csv,8598aab57d7db9f7af53749b91252638ddb6638e9ce770da133d19a08307f138
fft_white_a0,42,16,4096,1.091393642127514e-11,0.0220540538430213,0.0004863812937401,5.64583683013916,1.4813377857208252,0.0954292118549346,0.0078717088326811,-0.0068345069885253,-0.0034740792058881,0.0034740792058881,0.0230025979689249,/home/b205/FDA_INIT/revision_experiments/results/audits/initialization_statistics.csv,8598aab57d7db9f7af53749b91252638ddb6638e9ce770da133d19a08307f138
powerlaw_global_a03,1107,16,4096,-2.9103830456733704e-11,0.0220540538430213,0.0004863812646362,5.645834922790527,1.4908870458602903,0.0913273245096206,0.0051597412675619,-0.0060932636260986,-0.2894487916734645,0.2894487916734645,0.9940860939804752,/home/b205/FDA_INIT/revision_experiments/results/audits/initialization_statistics.csv,8598aab57d7db9f7af53749b91252638ddb6638e9ce770da133d19a08307f138
powerlaw_global_a03,123,16,4096,-2.9103830456733704e-11,0.0220540557056665,0.0004863813519477,5.645837306976318,1.4891732931137085,0.0944433808326721,0.0075319726020097,-0.0056488513946533,-0.3037912069847115,0.3037912069847115,0.9959611680132064,/home/b205/FDA_INIT/revision_experiments/results/audits/initialization_statistics.csv,8598aab57d7db9f7af53749b91252638ddb6638e9ce770da133d19a08307f138
powerlaw_global_a03,42,16,4096,2.9103830456733704e-11,0.0220540538430213,0.0004863812937401,5.6458353996276855,1.4879313707351685,0.0915077328681945,0.0098804654553532,-0.0172023773193359,-0.3064874162324787,0.3064874162324787,0.9946548646828298,/home/b205/FDA_INIT/revision_experiments/results/audits/initialization_statistics.csv,8598aab57d7db9f7af53749b91252638ddb6638e9ce770da133d19a08307f138
powerlaw_global_a06,1107,16,4096,0.0,0.0220540538430213,0.0004863812646362,5.64583683013916,1.6598658561706543,0.0901100784540176,0.0100322496145963,-0.0060243606567382,-0.593961282797311,0.593961282797311,0.9984513337576194,/home/b205/FDA_INIT/revision_experiments/results/audits/initialization_statistics.csv,8598aab57d7db9f7af53749b91252638ddb6638e9ce770da133d19a08307f138
powerlaw_global_a06,123,16,4096,0.0,0.0220540538430213,0.0004863812937401,5.645837783813477,1.6254130601882937,0.09501264244318,0.0177482720464468,-0.0066120624542236,-0.6081424055235146,0.6081424055235146,0.9989745679652478,/home/b205/FDA_INIT/revision_experiments/results/audits/initialization_statistics.csv,8598aab57d7db9f7af53749b91252638ddb6638e9ce770da133d19a08307f138
powerlaw_global_a06,42,16,4096,0.0,0.0220540538430213,0.0004863813228439,5.645838260650635,1.658886194229126,0.0919874683022499,0.0084434412419795,-0.0281956195831298,-0.610983267252057,0.610983267252057,0.9986444742537895,/home/b205/FDA_INIT/revision_experiments/results/audits/initialization_statistics.csv,8598aab57d7db9f7af53749b91252638ddb6638e9ce770da133d19a08307f138
powerlaw_global_a10,1107,16,4096,2.3283064365386963e-10,0.0220540557056665,0.0004863813519477,5.6458353996276855,2.9716200828552246,0.0879880860447883,0.0941035076975822,-0.0685653686523437,-1.0024282099600754,1.0024282099600754,0.9993285500302084,/home/b205/FDA_INIT/revision_experiments/results/audits/initialization_statistics.csv,8598aab57d7db9f7af53749b91252638ddb6638e9ce770da133d19a08307f138
powerlaw_global_a10,123,16,4096,0.0,0.0220540557056665,0.0004863813519477,5.645838260650635,2.8561785221099854,0.0888136625289917,0.0601929426193237,-0.1112654209136962,-1.0162972832483108,1.0162972832483108,0.9995940773631384,/home/b205/FDA_INIT/revision_experiments/results/audits/initialization_statistics.csv,8598aab57d7db9f7af53749b91252638ddb6638e9ce770da133d19a08307f138
powerlaw_global_a10,42,16,4096,2.3283064365386963e-10,0.0220540538430213,0.0004863812937401,5.64583683013916,2.957950592041016,0.0897882357239723,-0.0069844615645706,-0.1157872676849365,-1.0193909644242345,1.0193909644242345,0.9994696503799078,/home/b205/FDA_INIT/revision_experiments/results/audits/initialization_statistics.csv,8598aab57d7db9f7af53749b91252638ddb6638e9ce770da133d19a08307f138
powerlaw_shuffle_a06,1107,16,4096,-1.8189894035458565e-11,0.0220540538430213,0.0004863812937401,5.645835876464844,1.488762140274048,0.0901100784540176,0.0100322430953383,-0.0060245990753173,0.0233942549390963,-0.0233942549390963,0.0693954408429989,/home/b205/FDA_INIT/revision_experiments/results/audits/initialization_statistics.csv,8598aab57d7db9f7af53749b91252638ddb6638e9ce770da133d19a08307f138
powerlaw_shuffle_a06,123,16,4096,-2.9103830456733704e-11,0.0220540538430213,0.0004863812937401,5.645836353302002,1.496379256248474,0.09501264244318,0.0177482701838016,-0.0066120624542236,-0.0408390225459206,0.0408390225459206,0.2725030724598873,/home/b205/FDA_INIT/revision_experiments/results/audits/initialization_statistics.csv,8598aab57d7db9f7af53749b91252638ddb6638e9ce770da133d19a08307f138
powerlaw_shuffle_a06,42,16,4096,7.275957614183426e-12,0.0220540538430213,0.0004863812937401,5.645836353302002,1.505293369293213,0.0919874683022499,0.0084434393793344,-0.0281951427459716,0.0005300337035092,-0.0005300337035092,7.101520095353919e-05,/home/b205/FDA_INIT/revision_experiments/results/audits/initialization_statistics.csv,8598aab57d7db9f7af53749b91252638ddb6638e9ce770da133d19a08307f138
powerlaw_row_a06,1107,16,4096,1.2732925824820995e-11,0.0220540538430213,0.0004863812937401,5.64583683013916,1.5608199834823608,0.1004173532128334,0.0019495664164423,-0.0034654140472412,-0.6042706661733613,0.6042706661733613,0.9963546974636576,/home/b205/FDA_INIT/revision_experiments/results/audits/initialization_statistics.csv,8598aab57d7db9f7af53749b91252638ddb6638e9ce770da133d19a08307f138
powerlaw_row_a06,123,16,4096,-1.4551915228366852e-11,0.0220540538430213,0.0004863812937401,5.645835876464844,1.5572737455368042,0.0944326072931289,0.0122661320492625,-0.0412967205047607,-0.6134333251962764,0.6134333251962764,0.9976277643947562,/home/b205/FDA_INIT/revision_experiments/results/audits/initialization_statistics.csv,8598aab57d7db9f7af53749b91252638ddb6638e9ce770da133d19a08307f138
powerlaw_row_a06,42,16,4096,1.2732925824820995e-11,0.0220540538430213,0.0004863812937401,5.645836353302002,1.6005816459655762,0.0979841500520706,-0.0084828427061438,-0.0275657176971435,-0.6143548330180335,0.6143548330180335,0.9987393869431882,/home/b205/FDA_INIT/revision_experiments/results/audits/initialization_statistics.csv,8598aab57d7db9f7af53749b91252638ddb6638e9ce770da133d19a08307f138
powerlaw_col_a06,1107,16,4096,-2.5465851649641987e-11,0.0220540538430213,0.0004863812937401,5.645837783813477,2.089947462081909,0.0760312229394912,0.0066539235413074,-0.2633140087127685,0.0118356643773466,-0.0118356643773466,0.0223515594417039,/home/b205/FDA_INIT/revision_experiments/results/audits/initialization_statistics.csv,8598aab57d7db9f7af53749b91252638ddb6638e9ce770da133d19a08307f138
powerlaw_col_a06,123,16,4096,0.0,0.0220540538430213,0.0004863813228439,5.645837306976318,2.091876745223999,0.0800607576966285,0.0066974256187677,-0.2331197261810302,0.0033619765085496,-0.0033619765085496,0.0014884186194215,/home/b205/FDA_INIT/revision_experiments/results/audits/initialization_statistics.csv,8598aab57d7db9f7af53749b91252638ddb6638e9ce770da133d19a08307f138
powerlaw_col_a06,42,16,4096,7.275957614183426e-12,0.0220540538430213,0.0004863813228439,5.645838260650635,2.082231044769287,0.0756125822663307,0.01143195386976,-0.2481672763824463,0.0069316928287438,-0.0069316928287438,0.0148428250946627,/home/b205/FDA_INIT/revision_experiments/results/audits/initialization_statistics.csv,8598aab57d7db9f7af53749b91252638ddb6638e9ce770da133d19a08307f138
