analysis_context,model,task,method,endpoint,metric,metric_direction,unit,n_runs,mean,sd,seeds,source_run_ids,source_metadata_sha256
baseline_fairness_final,qwen,cmmlu,dora,step_000500,raw_auc500,lower,loss_step,3,358.6042759974177,0.2519942197913148,"[42, 123, 1107]","[""qwen__cmmlu__qv__dora__s1107__n2500"", ""qwen__cmmlu__qv__dora__s123__n2500"", ""qwen__cmmlu__qv__dora__s42__n2500""]","[""2e0831a7c26fd7fa026e30cc18200bb9bd40389a70949a2ba39c89ab30a32866"", ""416d8f4afe40dbafb4d1be517dc1a8ceb089a283354749123d33bfb38f79afd6"", ""7cde8d5acb25b14e65e39f307ad02b5b912a3dfdb6edba742c12b27381ac9c93""]"
baseline_fairness_final,qwen,cmmlu,dora,step_002500,final_train_loss,lower,loss,3,0.13435283644745746,0.011923819440324687,"[42, 123, 1107]","[""qwen__cmmlu__qv__dora__s1107__n2500"", ""qwen__cmmlu__qv__dora__s123__n2500"", ""qwen__cmmlu__qv__dora__s42__n2500""]","[""2e0831a7c26fd7fa026e30cc18200bb9bd40389a70949a2ba39c89ab30a32866"", ""416d8f4afe40dbafb4d1be517dc1a8ceb089a283354749123d33bfb38f79afd6"", ""7cde8d5acb25b14e65e39f307ad02b5b912a3dfdb6edba742c12b27381ac9c93""]"
baseline_fairness_final,qwen,cmmlu,dora,step_002500,macro_accuracy,higher,score,3,0.7540737576576791,0.002150991343283471,"[42, 123, 1107]","[""qwen__cmmlu__qv__dora__s1107__n2500"", ""qwen__cmmlu__qv__dora__s123__n2500"", ""qwen__cmmlu__qv__dora__s42__n2500""]","[""2e0831a7c26fd7fa026e30cc18200bb9bd40389a70949a2ba39c89ab30a32866"", ""416d8f4afe40dbafb4d1be517dc1a8ceb089a283354749123d33bfb38f79afd6"", ""7cde8d5acb25b14e65e39f307ad02b5b912a3dfdb6edba742c12b27381ac9c93""]"
baseline_fairness_final,qwen,cmmlu,lora_one,step_000500,raw_auc500,lower,loss_step,3,519.4479558045665,0.16898927291729077,"[42, 123, 1107]","[""qwen__cmmlu__qv__lora_one__s1107__n2500"", ""qwen__cmmlu__qv__lora_one__s123__n2500"", ""qwen__cmmlu__qv__lora_one__s42__n2500""]","[""700d7986c5eb2e7fbced5446a308aaeae202b43bd45cafa826846936c8ab3536"", ""b67c7b943923faa398565f24cf4ea8d37b3aa67de7e53f6d98faa6a60b022b4c"", ""cb4de7630f425cb27ec7f97574a4fae6a39929ff15db572c4ea1675a715fc021""]"
baseline_fairness_final,qwen,cmmlu,lora_one,step_002500,final_train_loss,lower,loss,3,0.25022197142243385,0.08570951840918165,"[42, 123, 1107]","[""qwen__cmmlu__qv__lora_one__s1107__n2500"", ""qwen__cmmlu__qv__lora_one__s123__n2500"", ""qwen__cmmlu__qv__lora_one__s42__n2500""]","[""700d7986c5eb2e7fbced5446a308aaeae202b43bd45cafa826846936c8ab3536"", ""b67c7b943923faa398565f24cf4ea8d37b3aa67de7e53f6d98faa6a60b022b4c"", ""cb4de7630f425cb27ec7f97574a4fae6a39929ff15db572c4ea1675a715fc021""]"
baseline_fairness_final,qwen,cmmlu,lora_one,step_002500,macro_accuracy,higher,score,3,0.7733463918548941,0.0013484716404432362,"[42, 123, 1107]","[""qwen__cmmlu__qv__lora_one__s1107__n2500"", ""qwen__cmmlu__qv__lora_one__s123__n2500"", ""qwen__cmmlu__qv__lora_one__s42__n2500""]","[""700d7986c5eb2e7fbced5446a308aaeae202b43bd45cafa826846936c8ab3536"", ""b67c7b943923faa398565f24cf4ea8d37b3aa67de7e53f6d98faa6a60b022b4c"", ""cb4de7630f425cb27ec7f97574a4fae6a39929ff15db572c4ea1675a715fc021""]"
baseline_fairness_final,qwen,cmmlu,peft_default,step_000500,raw_auc500,lower,loss_step,3,506.05000699621934,0.5708604899135682,"[42, 123, 1107]","[""qwen__cmmlu__qv__peft_default__s1107__n2500"", ""qwen__cmmlu__qv__peft_default__s123__n2500"", ""qwen__cmmlu__qv__peft_default__s42__n2500""]","[""235d28f74daa7f28febb467fcce04b134801f7310a0ce59b397f44a2ea8eeb86"", ""b53dd876d8b973fad232a3dd293ffb1b48fe77c26c6f06a1f432a564ed05ec28"", ""f953014b16896a15acf04f22e34663538d8a0418bd67a0ebea5de0c3d2da1cae""]"
baseline_fairness_final,qwen,cmmlu,peft_default,step_002500,final_train_loss,lower,loss,3,0.18205944107224545,0.03649523586402459,"[42, 123, 1107]","[""qwen__cmmlu__qv__peft_default__s1107__n2500"", ""qwen__cmmlu__qv__peft_default__s123__n2500"", ""qwen__cmmlu__qv__peft_default__s42__n2500""]","[""235d28f74daa7f28febb467fcce04b134801f7310a0ce59b397f44a2ea8eeb86"", ""b53dd876d8b973fad232a3dd293ffb1b48fe77c26c6f06a1f432a564ed05ec28"", ""f953014b16896a15acf04f22e34663538d8a0418bd67a0ebea5de0c3d2da1cae""]"
baseline_fairness_final,qwen,cmmlu,peft_default,step_002500,macro_accuracy,higher,score,3,0.7579490388924904,0.0034636313115308905,"[42, 123, 1107]","[""qwen__cmmlu__qv__peft_default__s1107__n2500"", ""qwen__cmmlu__qv__peft_default__s123__n2500"", ""qwen__cmmlu__qv__peft_default__s42__n2500""]","[""235d28f74daa7f28febb467fcce04b134801f7310a0ce59b397f44a2ea8eeb86"", ""b53dd876d8b973fad232a3dd293ffb1b48fe77c26c6f06a1f432a564ed05ec28"", ""f953014b16896a15acf04f22e34663538d8a0418bd67a0ebea5de0c3d2da1cae""]"
baseline_fairness_final,qwen,cmmlu,pissa,step_000500,raw_auc500,lower,loss_step,3,520.9301006818811,0.5132550067417713,"[42, 123, 1107]","[""qwen__cmmlu__qv__pissa__s1107__n2500"", ""qwen__cmmlu__qv__pissa__s123__n2500"", ""qwen__cmmlu__qv__pissa__s42__n2500""]","[""1517fa17a2218cc41e5bc2558e16193651b0428e4e6261b59f58dceed65da8ce"", ""459692f96ee9311f3d07b7b35a17bad3effe194c0103d31b8795d8369c2056ba"", ""ee2177037fa61c00c3bfc4a027b22ca99afc7daad1ac671443ab746dc34f8e0c""]"
baseline_fairness_final,qwen,cmmlu,pissa,step_002500,final_train_loss,lower,loss,3,0.4246642633030812,0.05596327911720496,"[42, 123, 1107]","[""qwen__cmmlu__qv__pissa__s1107__n2500"", ""qwen__cmmlu__qv__pissa__s123__n2500"", ""qwen__cmmlu__qv__pissa__s42__n2500""]","[""1517fa17a2218cc41e5bc2558e16193651b0428e4e6261b59f58dceed65da8ce"", ""459692f96ee9311f3d07b7b35a17bad3effe194c0103d31b8795d8369c2056ba"", ""ee2177037fa61c00c3bfc4a027b22ca99afc7daad1ac671443ab746dc34f8e0c""]"
baseline_fairness_final,qwen,cmmlu,pissa,step_002500,macro_accuracy,higher,score,3,0.7724950003724261,0.0018584533355054127,"[42, 123, 1107]","[""qwen__cmmlu__qv__pissa__s1107__n2500"", ""qwen__cmmlu__qv__pissa__s123__n2500"", ""qwen__cmmlu__qv__pissa__s42__n2500""]","[""1517fa17a2218cc41e5bc2558e16193651b0428e4e6261b59f58dceed65da8ce"", ""459692f96ee9311f3d07b7b35a17bad3effe194c0103d31b8795d8369c2056ba"", ""ee2177037fa61c00c3bfc4a027b22ca99afc7daad1ac671443ab746dc34f8e0c""]"
baseline_fairness_final,qwen,cmmlu,validation_selected_proposed,step_000500,raw_auc500,lower,loss_step,3,478.2127882173906,1.642012188500314,"[42, 123, 1107]","[""qwen__cmmlu__qv__validation_selected_proposed__s1107__n2500"", ""qwen__cmmlu__qv__validation_selected_proposed__s123__n2500"", ""qwen__cmmlu__qv__validation_selected_proposed__s42__n2500""]","[""577925d82f6cac4d2a9f49002f2e116de80c2ab01fbe3ae02bfe6ec3a57e79a0"", ""9a8518554c735cf866ecaaaf6f450dfa2842f5f7b54b7a92cc797693bcc002e3"", ""f67e67c9524f5bf250b0a989707d222cb5044145020c11243a9b86c1a7e59bf2""]"
baseline_fairness_final,qwen,cmmlu,validation_selected_proposed,step_002500,final_train_loss,lower,loss,3,0.1629039937009414,0.01868233553626459,"[42, 123, 1107]","[""qwen__cmmlu__qv__validation_selected_proposed__s1107__n2500"", ""qwen__cmmlu__qv__validation_selected_proposed__s123__n2500"", ""qwen__cmmlu__qv__validation_selected_proposed__s42__n2500""]","[""577925d82f6cac4d2a9f49002f2e116de80c2ab01fbe3ae02bfe6ec3a57e79a0"", ""9a8518554c735cf866ecaaaf6f450dfa2842f5f7b54b7a92cc797693bcc002e3"", ""f67e67c9524f5bf250b0a989707d222cb5044145020c11243a9b86c1a7e59bf2""]"
baseline_fairness_final,qwen,cmmlu,validation_selected_proposed,step_002500,macro_accuracy,higher,score,3,0.7632010232162768,0.0029059745880842536,"[42, 123, 1107]","[""qwen__cmmlu__qv__validation_selected_proposed__s1107__n2500"", ""qwen__cmmlu__qv__validation_selected_proposed__s123__n2500"", ""qwen__cmmlu__qv__validation_selected_proposed__s42__n2500""]","[""577925d82f6cac4d2a9f49002f2e116de80c2ab01fbe3ae02bfe6ec3a57e79a0"", ""9a8518554c735cf866ecaaaf6f450dfa2842f5f7b54b7a92cc797693bcc002e3"", ""f67e67c9524f5bf250b0a989707d222cb5044145020c11243a9b86c1a7e59bf2""]"
core_500step,openpangu,cmmlu,iid_matched,step_000500,final_train_loss,lower,loss,3,1.3459191148479779,0.1560695244779254,"[42, 123, 1107]","[""openpangu__cmmlu__qv__iid_matched__s1107__n500"", ""openpangu__cmmlu__qv__iid_matched__s123__n500"", ""openpangu__cmmlu__qv__iid_matched__s42__n500""]","[""21974de3c45ef54f5024c6ddad79daa6c1385add1c7274053f4bbef96726b1f5"", ""2f543b7ac00cf50d58766765cd947d81bb2b6a7ae37f5474300219dd5802b8fa"", ""b3558912755da6f91d39a81e241c927f7ced1f2ac8d6bdf129c54d0f004a74f4""]"
core_500step,openpangu,cmmlu,iid_matched,step_000500,raw_auc500,lower,loss_step,3,976.2020748183131,28.012681714491798,"[42, 123, 1107]","[""openpangu__cmmlu__qv__iid_matched__s1107__n500"", ""openpangu__cmmlu__qv__iid_matched__s123__n500"", ""openpangu__cmmlu__qv__iid_matched__s42__n500""]","[""21974de3c45ef54f5024c6ddad79daa6c1385add1c7274053f4bbef96726b1f5"", ""2f543b7ac00cf50d58766765cd947d81bb2b6a7ae37f5474300219dd5802b8fa"", ""b3558912755da6f91d39a81e241c927f7ced1f2ac8d6bdf129c54d0f004a74f4""]"
core_500step,openpangu,cmmlu,peft_default,step_000500,final_train_loss,lower,loss,3,1.5500717510779698,0.13366508533420446,"[42, 123, 1107]","[""openpangu__cmmlu__qv__peft_default__s1107__n500"", ""openpangu__cmmlu__qv__peft_default__s123__n500"", ""openpangu__cmmlu__qv__peft_default__s42__n500""]","[""1776c99f5ca0d2ff3b3e3146e0311e0630e73799fd9376173d6b5e0161e28b7e"", ""1a3008f4a51c65edcbcea6ca1612f9ba5a41d1b31821e4fcac4db9f54cbbdb8a"", ""be2cc718121aab66a434be02d561b7c37e4805d6e2f9cb7143e1f1b0f49cbbac""]"
core_500step,openpangu,cmmlu,peft_default,step_000500,raw_auc500,lower,loss_step,3,1062.9494305178523,8.9021012380754,"[42, 123, 1107]","[""openpangu__cmmlu__qv__peft_default__s1107__n500"", ""openpangu__cmmlu__qv__peft_default__s123__n500"", ""openpangu__cmmlu__qv__peft_default__s42__n500""]","[""1776c99f5ca0d2ff3b3e3146e0311e0630e73799fd9376173d6b5e0161e28b7e"", ""1a3008f4a51c65edcbcea6ca1612f9ba5a41d1b31821e4fcac4db9f54cbbdb8a"", ""be2cc718121aab66a434be02d561b7c37e4805d6e2f9cb7143e1f1b0f49cbbac""]"
core_500step,openpangu,cmmlu,powerlaw_global_a06,step_000500,final_train_loss,lower,loss,3,1.3537856712937355,0.09072062687957702,"[42, 123, 1107]","[""openpangu__cmmlu__qv__powerlaw_global_a06__s1107__n500"", ""openpangu__cmmlu__qv__powerlaw_global_a06__s123__n500"", ""openpangu__cmmlu__qv__powerlaw_global_a06__s42__n500""]","[""5d7b911021772ae777cf562000dd7997354ebacb1571cb67ebc19eac0d0399bb"", ""c2915edc055eeb56b7dbcd4df8f56c6ccb8198bdb62d7f5be13d7e36a7d4a0f9"", ""da8d26240f00d614ae7b0ede5bffac0366f4e7f922aef8a5163f05a7b9c03b12""]"
core_500step,openpangu,cmmlu,powerlaw_global_a06,step_000500,raw_auc500,lower,loss_step,3,991.8080915311972,10.039452732896779,"[42, 123, 1107]","[""openpangu__cmmlu__qv__powerlaw_global_a06__s1107__n500"", ""openpangu__cmmlu__qv__powerlaw_global_a06__s123__n500"", ""openpangu__cmmlu__qv__powerlaw_global_a06__s42__n500""]","[""5d7b911021772ae777cf562000dd7997354ebacb1571cb67ebc19eac0d0399bb"", ""c2915edc055eeb56b7dbcd4df8f56c6ccb8198bdb62d7f5be13d7e36a7d4a0f9"", ""da8d26240f00d614ae7b0ede5bffac0366f4e7f922aef8a5163f05a7b9c03b12""]"
core_500step,openpangu,cmmlu,powerlaw_shuffle_a06,step_000500,final_train_loss,lower,loss,3,1.3567945212125778,0.12908304590026254,"[42, 123, 1107]","[""openpangu__cmmlu__qv__powerlaw_shuffle_a06__s1107__n500"", ""openpangu__cmmlu__qv__powerlaw_shuffle_a06__s123__n500"", ""openpangu__cmmlu__qv__powerlaw_shuffle_a06__s42__n500""]","[""10970b49a877fc36293e8e482a2978c9669f78e8f8f62f8c2591251952774558"", ""b30936541ed1652b4cf7ba30d7fdc2de17495a5ebd92f17f00519f67a17e609b"", ""db1e2fc085df9f734fe847abe13d4050709bf18b12d6279c72dc088054659f05""]"
core_500step,openpangu,cmmlu,powerlaw_shuffle_a06,step_000500,raw_auc500,lower,loss_step,3,988.6910344126323,9.75970024434502,"[42, 123, 1107]","[""openpangu__cmmlu__qv__powerlaw_shuffle_a06__s1107__n500"", ""openpangu__cmmlu__qv__powerlaw_shuffle_a06__s123__n500"", ""openpangu__cmmlu__qv__powerlaw_shuffle_a06__s42__n500""]","[""10970b49a877fc36293e8e482a2978c9669f78e8f8f62f8c2591251952774558"", ""b30936541ed1652b4cf7ba30d7fdc2de17495a5ebd92f17f00519f67a17e609b"", ""db1e2fc085df9f734fe847abe13d4050709bf18b12d6279c72dc088054659f05""]"
core_500step,openpangu,gsm8k,iid_matched,step_000500,final_train_loss,lower,loss,3,1.1925037602583568,0.11567771321151551,"[42, 123, 1107]","[""openpangu__gsm8k__qv__iid_matched__s1107__n500"", ""openpangu__gsm8k__qv__iid_matched__s123__n500"", ""openpangu__gsm8k__qv__iid_matched__s42__n500""]","[""56ab26e53ac5da03e785e13e433a143c0af3b96bd2320162d3ba3fe15e195812"", ""bb4952ef7bbcdfc5acbf37f66779953bf3fc237df94aecb4d7ab210a1ca3fc87"", ""f72d0ed96525e6f78d23badf9cce1b89e8e89785e4643d395e1dd0bc0428226a""]"
core_500step,openpangu,gsm8k,iid_matched,step_000500,raw_auc500,lower,loss_step,3,685.541541043669,8.586165527646482,"[42, 123, 1107]","[""openpangu__gsm8k__qv__iid_matched__s1107__n500"", ""openpangu__gsm8k__qv__iid_matched__s123__n500"", ""openpangu__gsm8k__qv__iid_matched__s42__n500""]","[""56ab26e53ac5da03e785e13e433a143c0af3b96bd2320162d3ba3fe15e195812"", ""bb4952ef7bbcdfc5acbf37f66779953bf3fc237df94aecb4d7ab210a1ca3fc87"", ""f72d0ed96525e6f78d23badf9cce1b89e8e89785e4643d395e1dd0bc0428226a""]"
core_500step,openpangu,gsm8k,peft_default,step_000500,final_train_loss,lower,loss,3,1.214831493794918,0.1277667804913026,"[42, 123, 1107]","[""openpangu__gsm8k__qv__peft_default__s1107__n500"", ""openpangu__gsm8k__qv__peft_default__s123__n500"", ""openpangu__gsm8k__qv__peft_default__s42__n500""]","[""5d9d4cc49e0c2d0dc5fcd99ec73762bde2b4bc7a1348271998e6daa9cadd4abd"", ""8533f5b4a8d0cc65f958967374b1fe4d6cc2c073136555c339e8059cf358f34b"", ""e7cd652d4bb5b160efbd87826e58bddd7f5070d0ea682a56834c91cbedc740f4""]"
core_500step,openpangu,gsm8k,peft_default,step_000500,raw_auc500,lower,loss_step,3,711.1881993611654,3.6768905417934197,"[42, 123, 1107]","[""openpangu__gsm8k__qv__peft_default__s1107__n500"", ""openpangu__gsm8k__qv__peft_default__s123__n500"", ""openpangu__gsm8k__qv__peft_default__s42__n500""]","[""5d9d4cc49e0c2d0dc5fcd99ec73762bde2b4bc7a1348271998e6daa9cadd4abd"", ""8533f5b4a8d0cc65f958967374b1fe4d6cc2c073136555c339e8059cf358f34b"", ""e7cd652d4bb5b160efbd87826e58bddd7f5070d0ea682a56834c91cbedc740f4""]"
core_500step,openpangu,gsm8k,powerlaw_global_a06,step_000500,final_train_loss,lower,loss,3,1.219364347557227,0.1325209669074345,"[42, 123, 1107]","[""openpangu__gsm8k__qv__powerlaw_global_a06__s1107__n500"", ""openpangu__gsm8k__qv__powerlaw_global_a06__s123__n500"", ""openpangu__gsm8k__qv__powerlaw_global_a06__s42__n500""]","[""6a4850f9bf04634f8bc9a6c8f47601bd1c096a9ff3adb3456f0f1542f1034db9"", ""8ce97a27bb082c9e84a940ff250c11cf24895f20894fa5158a9ccb7fb9030f13"", ""efd41ce4dc2fc66526578368084ded25cd89b395bec34a0f4ed7286e251713fc""]"
core_500step,openpangu,gsm8k,powerlaw_global_a06,step_000500,raw_auc500,lower,loss_step,3,694.0364759452641,1.4377826756638885,"[42, 123, 1107]","[""openpangu__gsm8k__qv__powerlaw_global_a06__s1107__n500"", ""openpangu__gsm8k__qv__powerlaw_global_a06__s123__n500"", ""openpangu__gsm8k__qv__powerlaw_global_a06__s42__n500""]","[""6a4850f9bf04634f8bc9a6c8f47601bd1c096a9ff3adb3456f0f1542f1034db9"", ""8ce97a27bb082c9e84a940ff250c11cf24895f20894fa5158a9ccb7fb9030f13"", ""efd41ce4dc2fc66526578368084ded25cd89b395bec34a0f4ed7286e251713fc""]"
core_500step,openpangu,gsm8k,powerlaw_shuffle_a06,step_000500,final_train_loss,lower,loss,3,1.208030474682649,0.1538561685381657,"[42, 123, 1107]","[""openpangu__gsm8k__qv__powerlaw_shuffle_a06__s1107__n500"", ""openpangu__gsm8k__qv__powerlaw_shuffle_a06__s123__n500"", ""openpangu__gsm8k__qv__powerlaw_shuffle_a06__s42__n500""]","[""79d87fcaa430893a21e3488bb8b3df78250bcad97c6aebcc4e6492d50a5aedc9"", ""a840c456048c55441e690277989a1a2424badfee48b344c7704572e9a6caff94"", ""af3a426cfc40675244ab99b3c74002435a55cafedfaf50f847cde5e2cc6d6eca""]"
core_500step,openpangu,gsm8k,powerlaw_shuffle_a06,step_000500,raw_auc500,lower,loss_step,3,693.2745395774642,6.372549801556424,"[42, 123, 1107]","[""openpangu__gsm8k__qv__powerlaw_shuffle_a06__s1107__n500"", ""openpangu__gsm8k__qv__powerlaw_shuffle_a06__s123__n500"", ""openpangu__gsm8k__qv__powerlaw_shuffle_a06__s42__n500""]","[""79d87fcaa430893a21e3488bb8b3df78250bcad97c6aebcc4e6492d50a5aedc9"", ""a840c456048c55441e690277989a1a2424badfee48b344c7704572e9a6caff94"", ""af3a426cfc40675244ab99b3c74002435a55cafedfaf50f847cde5e2cc6d6eca""]"
core_500step,openpangu,mbpp,iid_matched,step_000500,final_train_loss,lower,loss,3,0.8705370451013247,0.1253576128569725,"[42, 123, 1107]","[""openpangu__mbpp__qv__iid_matched__s1107__n500"", ""openpangu__mbpp__qv__iid_matched__s123__n500"", ""openpangu__mbpp__qv__iid_matched__s42__n500""]","[""031f3aa4db28c211b79ff4a430625b95df107e3551d03fe70a11559136b98ae9"", ""559050dc48581ef404b996f7214d508311ad0d7c29cc1596c06308a07baf5cba"", ""6ba3e0ffe6052bab630a876e65cc902601c4a5857ea897688f3b4f5984978fa1""]"
core_500step,openpangu,mbpp,iid_matched,step_000500,raw_auc500,lower,loss_step,3,703.0241982874771,11.594112363157807,"[42, 123, 1107]","[""openpangu__mbpp__qv__iid_matched__s1107__n500"", ""openpangu__mbpp__qv__iid_matched__s123__n500"", ""openpangu__mbpp__qv__iid_matched__s42__n500""]","[""031f3aa4db28c211b79ff4a430625b95df107e3551d03fe70a11559136b98ae9"", ""559050dc48581ef404b996f7214d508311ad0d7c29cc1596c06308a07baf5cba"", ""6ba3e0ffe6052bab630a876e65cc902601c4a5857ea897688f3b4f5984978fa1""]"
core_500step,openpangu,mbpp,peft_default,step_000500,final_train_loss,lower,loss,3,0.9406724808116754,0.1217862499759668,"[42, 123, 1107]","[""openpangu__mbpp__qv__peft_default__s1107__n500"", ""openpangu__mbpp__qv__peft_default__s123__n500"", ""openpangu__mbpp__qv__peft_default__s42__n500""]","[""020874281bdb659b6d09399e002cfa0c618bd9cded2bd609368e3902e8c80e93"", ""3fed568ccd55853cf580b1d229061986eb130054b3d71d7399aef31a056a5aaf"", ""4534d4607d41936f5367481fa4cc55815fb5cae1d455e586e27ec1a642c39fa5""]"
core_500step,openpangu,mbpp,peft_default,step_000500,raw_auc500,lower,loss_step,3,733.4915223636975,1.599243394323964,"[42, 123, 1107]","[""openpangu__mbpp__qv__peft_default__s1107__n500"", ""openpangu__mbpp__qv__peft_default__s123__n500"", ""openpangu__mbpp__qv__peft_default__s42__n500""]","[""020874281bdb659b6d09399e002cfa0c618bd9cded2bd609368e3902e8c80e93"", ""3fed568ccd55853cf580b1d229061986eb130054b3d71d7399aef31a056a5aaf"", ""4534d4607d41936f5367481fa4cc55815fb5cae1d455e586e27ec1a642c39fa5""]"
core_500step,openpangu,mbpp,powerlaw_global_a06,step_000500,final_train_loss,lower,loss,3,0.8919188268482685,0.10857576567497677,"[42, 123, 1107]","[""openpangu__mbpp__qv__powerlaw_global_a06__s1107__n500"", ""openpangu__mbpp__qv__powerlaw_global_a06__s123__n500"", ""openpangu__mbpp__qv__powerlaw_global_a06__s42__n500""]","[""87c3e3fd00cc3a151e37fdfcdde77fe03c0da542ae86d687e2a6168538c0a8b9"", ""8fc9e3b09696be40cbc1edd175de6df79d6961d7266efb4dc70de7b97f0c9c2a"", ""d69522d90cc60312f0e1c12c4a8714b8c2a0740077441b2f71b9c27c2826d47f""]"
core_500step,openpangu,mbpp,powerlaw_global_a06,step_000500,raw_auc500,lower,loss_step,3,709.8049882743508,11.889003854634828,"[42, 123, 1107]","[""openpangu__mbpp__qv__powerlaw_global_a06__s1107__n500"", ""openpangu__mbpp__qv__powerlaw_global_a06__s123__n500"", ""openpangu__mbpp__qv__powerlaw_global_a06__s42__n500""]","[""87c3e3fd00cc3a151e37fdfcdde77fe03c0da542ae86d687e2a6168538c0a8b9"", ""8fc9e3b09696be40cbc1edd175de6df79d6961d7266efb4dc70de7b97f0c9c2a"", ""d69522d90cc60312f0e1c12c4a8714b8c2a0740077441b2f71b9c27c2826d47f""]"
core_500step,openpangu,mbpp,powerlaw_shuffle_a06,step_000500,final_train_loss,lower,loss,3,0.862771869947513,0.0975444636219179,"[42, 123, 1107]","[""openpangu__mbpp__qv__powerlaw_shuffle_a06__s1107__n500"", ""openpangu__mbpp__qv__powerlaw_shuffle_a06__s123__n500"", ""openpangu__mbpp__qv__powerlaw_shuffle_a06__s42__n500""]","[""33834e0388d787b8d836eda8ab0e57c6324d302a30ec2ce7dffba184957a7b20"", ""8e56a2343ffd46a2f4dfa0a1db3a3c29e3b4b9b1217ef87a606d38914d12a99b"", ""a3769be2011ef74ef5451c58c0165ffba1fb48db60ff51d2e6eba68f837cf4fd""]"
core_500step,openpangu,mbpp,powerlaw_shuffle_a06,step_000500,raw_auc500,lower,loss_step,3,706.742000884687,0.7664373803481042,"[42, 123, 1107]","[""openpangu__mbpp__qv__powerlaw_shuffle_a06__s1107__n500"", ""openpangu__mbpp__qv__powerlaw_shuffle_a06__s123__n500"", ""openpangu__mbpp__qv__powerlaw_shuffle_a06__s42__n500""]","[""33834e0388d787b8d836eda8ab0e57c6324d302a30ec2ce7dffba184957a7b20"", ""8e56a2343ffd46a2f4dfa0a1db3a3c29e3b4b9b1217ef87a606d38914d12a99b"", ""a3769be2011ef74ef5451c58c0165ffba1fb48db60ff51d2e6eba68f837cf4fd""]"
core_500step,openpangu,sharegpt,iid_matched,step_000500,final_train_loss,lower,loss,3,1.2977414305011432,0.08885276140355819,"[42, 123, 1107]","[""openpangu__sharegpt__qv__iid_matched__s1107__n500"", ""openpangu__sharegpt__qv__iid_matched__s123__n500"", ""openpangu__sharegpt__qv__iid_matched__s42__n500""]","[""14c3d6390ea312c67d05b5ce143de683140709fdd78fa8ce0fc983d2c7aa9066"", ""a51c2ddaa58a66e7d4168340c261b086b0d854887ecd27c8e2027d51a175b0c6"", ""fa69834a2fec21cf482213dfbd6a29b40df1177b8c39ba580ba485312ee56de1""]"
core_500step,openpangu,sharegpt,iid_matched,step_000500,raw_auc500,lower,loss_step,3,717.3598262742162,5.984641462372545,"[42, 123, 1107]","[""openpangu__sharegpt__qv__iid_matched__s1107__n500"", ""openpangu__sharegpt__qv__iid_matched__s123__n500"", ""openpangu__sharegpt__qv__iid_matched__s42__n500""]","[""14c3d6390ea312c67d05b5ce143de683140709fdd78fa8ce0fc983d2c7aa9066"", ""a51c2ddaa58a66e7d4168340c261b086b0d854887ecd27c8e2027d51a175b0c6"", ""fa69834a2fec21cf482213dfbd6a29b40df1177b8c39ba580ba485312ee56de1""]"
core_500step,openpangu,sharegpt,peft_default,step_000500,final_train_loss,lower,loss,3,1.307910496989886,0.08481332250095124,"[42, 123, 1107]","[""openpangu__sharegpt__qv__peft_default__s1107__n500"", ""openpangu__sharegpt__qv__peft_default__s123__n500"", ""openpangu__sharegpt__qv__peft_default__s42__n500""]","[""455b2a1cf16b9499832ad09f8940110e8e8fbaf7a7956ae97fdc843a8f8e3072"", ""bde8c6d542a2b60a5ed418414a1327da9a894fed758d4bba89bb6455869f13f9"", ""f19f8eb2b8a29adf2a4c3c4fbeebe2bb54cd0855e31fea7a5234c302b0f8240e""]"
core_500step,openpangu,sharegpt,peft_default,step_000500,raw_auc500,lower,loss_step,3,729.9422094449401,4.4094857421473534,"[42, 123, 1107]","[""openpangu__sharegpt__qv__peft_default__s1107__n500"", ""openpangu__sharegpt__qv__peft_default__s123__n500"", ""openpangu__sharegpt__qv__peft_default__s42__n500""]","[""455b2a1cf16b9499832ad09f8940110e8e8fbaf7a7956ae97fdc843a8f8e3072"", ""bde8c6d542a2b60a5ed418414a1327da9a894fed758d4bba89bb6455869f13f9"", ""f19f8eb2b8a29adf2a4c3c4fbeebe2bb54cd0855e31fea7a5234c302b0f8240e""]"
core_500step,openpangu,sharegpt,powerlaw_global_a06,step_000500,final_train_loss,lower,loss,3,1.2978883758187294,0.09043325565584441,"[42, 123, 1107]","[""openpangu__sharegpt__qv__powerlaw_global_a06__s1107__n500"", ""openpangu__sharegpt__qv__powerlaw_global_a06__s123__n500"", ""openpangu__sharegpt__qv__powerlaw_global_a06__s42__n500""]","[""5bd7f13c3b47ed3604e92b7bd3ceee5f8813f0a615400a0fd7a1b02b55e7400e"", ""6c82e0a682f777ca5a3925d63f8567cd26a83f45000f10c451f28d8d54e25c63"", ""eaabbd23753ac3ac6347433b03825e95d5b4e75b0c3537ff472bd980122a7507""]"
core_500step,openpangu,sharegpt,powerlaw_global_a06,step_000500,raw_auc500,lower,loss_step,3,717.6327198476841,6.22406249508608,"[42, 123, 1107]","[""openpangu__sharegpt__qv__powerlaw_global_a06__s1107__n500"", ""openpangu__sharegpt__qv__powerlaw_global_a06__s123__n500"", ""openpangu__sharegpt__qv__powerlaw_global_a06__s42__n500""]","[""5bd7f13c3b47ed3604e92b7bd3ceee5f8813f0a615400a0fd7a1b02b55e7400e"", ""6c82e0a682f777ca5a3925d63f8567cd26a83f45000f10c451f28d8d54e25c63"", ""eaabbd23753ac3ac6347433b03825e95d5b4e75b0c3537ff472bd980122a7507""]"
core_500step,openpangu,sharegpt,powerlaw_shuffle_a06,step_000500,final_train_loss,lower,loss,3,1.2984611292680104,0.0865178683832725,"[42, 123, 1107]","[""openpangu__sharegpt__qv__powerlaw_shuffle_a06__s1107__n500"", ""openpangu__sharegpt__qv__powerlaw_shuffle_a06__s123__n500"", ""openpangu__sharegpt__qv__powerlaw_shuffle_a06__s42__n500""]","[""1d233f3a80ad3580e54270012e9510bf1036f26b5c73b787775246f4aa1fd0c3"", ""400766f223bfa3fdade78e0c9eb2c74e28cbb21b35d5719cf9b4759cfd39b932"", ""c0424be8459133bff0ba32b740c307fd7df22a86ebd8e4cd6d7f87acba555dab""]"
core_500step,openpangu,sharegpt,powerlaw_shuffle_a06,step_000500,raw_auc500,lower,loss_step,3,717.4021649199227,3.7815916254756274,"[42, 123, 1107]","[""openpangu__sharegpt__qv__powerlaw_shuffle_a06__s1107__n500"", ""openpangu__sharegpt__qv__powerlaw_shuffle_a06__s123__n500"", ""openpangu__sharegpt__qv__powerlaw_shuffle_a06__s42__n500""]","[""1d233f3a80ad3580e54270012e9510bf1036f26b5c73b787775246f4aa1fd0c3"", ""400766f223bfa3fdade78e0c9eb2c74e28cbb21b35d5719cf9b4759cfd39b932"", ""c0424be8459133bff0ba32b740c307fd7df22a86ebd8e4cd6d7f87acba555dab""]"
downstream_2500step,openpangu,cmmlu,iid_matched,step_000500,raw_auc500,lower,loss_step,3,926.5362777678916,17.050235255360395,"[42, 123, 1107]","[""openpangu__cmmlu__qv__iid_matched__s1107__n2500"", ""openpangu__cmmlu__qv__iid_matched__s123__n2500"", ""openpangu__cmmlu__qv__iid_matched__s42__n2500""]","[""0174b61e821f792867905ba733666b2c3ce83c51c6d5ad49a38d2313d6a179ac"", ""545d7f37ef7c3a7a20766fe07074582b8e7121749f7173c13f299d1f6deff04b"", ""92c2b240841bdcfde9f9ff3bf5c241ffeb5554b7b913ce22b6b2fa06658c4203""]"
downstream_2500step,openpangu,cmmlu,iid_matched,step_002500,final_train_loss,lower,loss,3,0.25608907888333005,0.05321107719186902,"[42, 123, 1107]","[""openpangu__cmmlu__qv__iid_matched__s1107__n2500"", ""openpangu__cmmlu__qv__iid_matched__s123__n2500"", ""openpangu__cmmlu__qv__iid_matched__s42__n2500""]","[""0174b61e821f792867905ba733666b2c3ce83c51c6d5ad49a38d2313d6a179ac"", ""545d7f37ef7c3a7a20766fe07074582b8e7121749f7173c13f299d1f6deff04b"", ""92c2b240841bdcfde9f9ff3bf5c241ffeb5554b7b913ce22b6b2fa06658c4203""]"
downstream_2500step,openpangu,cmmlu,iid_matched,step_002500,macro_accuracy,higher,score,3,0.47772453548932114,0.010208161203240468,"[42, 123, 1107]","[""openpangu__cmmlu__qv__iid_matched__s1107__n2500"", ""openpangu__cmmlu__qv__iid_matched__s123__n2500"", ""openpangu__cmmlu__qv__iid_matched__s42__n2500""]","[""0174b61e821f792867905ba733666b2c3ce83c51c6d5ad49a38d2313d6a179ac"", ""545d7f37ef7c3a7a20766fe07074582b8e7121749f7173c13f299d1f6deff04b"", ""92c2b240841bdcfde9f9ff3bf5c241ffeb5554b7b913ce22b6b2fa06658c4203""]"
downstream_2500step,openpangu,cmmlu,peft_default,step_000100,macro_accuracy,higher,score,1,0.5640399205483408,,[1107],"[""openpangu__cmmlu__qv__peft_default__s1107__n2500""]","[""5fdda4e1bd770474c99c16e0cb4339f4f4f919cef9da7475f7c3c4b650ccaa6b""]"
downstream_2500step,openpangu,cmmlu,peft_default,step_000500,macro_accuracy,higher,score,1,0.4951226793569552,,[1107],"[""openpangu__cmmlu__qv__peft_default__s1107__n2500""]","[""5fdda4e1bd770474c99c16e0cb4339f4f4f919cef9da7475f7c3c4b650ccaa6b""]"
downstream_2500step,openpangu,cmmlu,peft_default,step_000500,raw_auc500,lower,loss_step,3,1002.4752171983322,3.309799898657593,"[42, 123, 1107]","[""openpangu__cmmlu__qv__peft_default__s1107__n2500"", ""openpangu__cmmlu__qv__peft_default__s123__n2500"", ""openpangu__cmmlu__qv__peft_default__s42__n2500""]","[""0411c72d731d6f3cde78abc672a8c24be394e5e6803e39c0fd5c87d810946946"", ""3827c6e28882f95c995c7b977857f361cf74c313bfc1e736ea1e8e097305ffac"", ""5fdda4e1bd770474c99c16e0cb4339f4f4f919cef9da7475f7c3c4b650ccaa6b""]"
downstream_2500step,openpangu,cmmlu,peft_default,step_001500,macro_accuracy,higher,score,1,0.46276034116157416,,[1107],"[""openpangu__cmmlu__qv__peft_default__s1107__n2500""]","[""5fdda4e1bd770474c99c16e0cb4339f4f4f919cef9da7475f7c3c4b650ccaa6b""]"
downstream_2500step,openpangu,cmmlu,peft_default,step_002500,final_train_loss,lower,loss,3,0.2805998803426822,0.08211633076207814,"[42, 123, 1107]","[""openpangu__cmmlu__qv__peft_default__s1107__n2500"", ""openpangu__cmmlu__qv__peft_default__s123__n2500"", ""openpangu__cmmlu__qv__peft_default__s42__n2500""]","[""0411c72d731d6f3cde78abc672a8c24be394e5e6803e39c0fd5c87d810946946"", ""3827c6e28882f95c995c7b977857f361cf74c313bfc1e736ea1e8e097305ffac"", ""5fdda4e1bd770474c99c16e0cb4339f4f4f919cef9da7475f7c3c4b650ccaa6b""]"
downstream_2500step,openpangu,cmmlu,peft_default,step_002500,macro_accuracy,higher,score,3,0.46838908703329474,0.003422677644960704,"[42, 123, 1107]","[""openpangu__cmmlu__qv__peft_default__s1107__n2500"", ""openpangu__cmmlu__qv__peft_default__s123__n2500"", ""openpangu__cmmlu__qv__peft_default__s42__n2500""]","[""0411c72d731d6f3cde78abc672a8c24be394e5e6803e39c0fd5c87d810946946"", ""3827c6e28882f95c995c7b977857f361cf74c313bfc1e736ea1e8e097305ffac"", ""5fdda4e1bd770474c99c16e0cb4339f4f4f919cef9da7475f7c3c4b650ccaa6b""]"
downstream_2500step,openpangu,cmmlu,powerlaw_global_a06,step_000100,macro_accuracy,higher,score,1,0.5694891729431445,,[1107],"[""openpangu__cmmlu__qv__powerlaw_global_a06__s1107__n2500""]","[""133bc4a880a53cfb3f4291127135cc9a63ef7009fcfe9e2ada21fd70d80161bc""]"
downstream_2500step,openpangu,cmmlu,powerlaw_global_a06,step_000500,macro_accuracy,higher,score,1,0.49908748784590623,,[1107],"[""openpangu__cmmlu__qv__powerlaw_global_a06__s1107__n2500""]","[""133bc4a880a53cfb3f4291127135cc9a63ef7009fcfe9e2ada21fd70d80161bc""]"
downstream_2500step,openpangu,cmmlu,powerlaw_global_a06,step_000500,raw_auc500,lower,loss_step,3,927.9451340095451,5.552487621328811,"[42, 123, 1107]","[""openpangu__cmmlu__qv__powerlaw_global_a06__s1107__n2500"", ""openpangu__cmmlu__qv__powerlaw_global_a06__s123__n2500"", ""openpangu__cmmlu__qv__powerlaw_global_a06__s42__n2500""]","[""133bc4a880a53cfb3f4291127135cc9a63ef7009fcfe9e2ada21fd70d80161bc"", ""63388a13df29c064ea996c052eaf88c9c21cc1c62ac78011878450b10158e52c"", ""6cc762f27a6ad25f9b11cebc547a548871f3daa3de44af9e557523e4843df880""]"
downstream_2500step,openpangu,cmmlu,powerlaw_global_a06,step_001500,macro_accuracy,higher,score,1,0.49454310011784636,,[1107],"[""openpangu__cmmlu__qv__powerlaw_global_a06__s1107__n2500""]","[""133bc4a880a53cfb3f4291127135cc9a63ef7009fcfe9e2ada21fd70d80161bc""]"
downstream_2500step,openpangu,cmmlu,powerlaw_global_a06,step_002500,final_train_loss,lower,loss,3,0.2594541683793068,0.05336485551647397,"[42, 123, 1107]","[""openpangu__cmmlu__qv__powerlaw_global_a06__s1107__n2500"", ""openpangu__cmmlu__qv__powerlaw_global_a06__s123__n2500"", ""openpangu__cmmlu__qv__powerlaw_global_a06__s42__n2500""]","[""133bc4a880a53cfb3f4291127135cc9a63ef7009fcfe9e2ada21fd70d80161bc"", ""63388a13df29c064ea996c052eaf88c9c21cc1c62ac78011878450b10158e52c"", ""6cc762f27a6ad25f9b11cebc547a548871f3daa3de44af9e557523e4843df880""]"
downstream_2500step,openpangu,cmmlu,powerlaw_global_a06,step_002500,macro_accuracy,higher,score,3,0.49034761256273396,0.0053818562333267745,"[42, 123, 1107]","[""openpangu__cmmlu__qv__powerlaw_global_a06__s1107__n2500"", ""openpangu__cmmlu__qv__powerlaw_global_a06__s123__n2500"", ""openpangu__cmmlu__qv__powerlaw_global_a06__s42__n2500""]","[""133bc4a880a53cfb3f4291127135cc9a63ef7009fcfe9e2ada21fd70d80161bc"", ""63388a13df29c064ea996c052eaf88c9c21cc1c62ac78011878450b10158e52c"", ""6cc762f27a6ad25f9b11cebc547a548871f3daa3de44af9e557523e4843df880""]"
downstream_2500step,openpangu,gsm8k,iid_matched,step_000500,raw_auc500,lower,loss_step,3,682.3524609108766,5.622481028781588,"[42, 123, 1107]","[""openpangu__gsm8k__qv__iid_matched__s1107__n2500"", ""openpangu__gsm8k__qv__iid_matched__s123__n2500"", ""openpangu__gsm8k__qv__iid_matched__s42__n2500""]","[""ca907596f316b4da60a9284527a2809b8a393159c66d150cfdcfa9d94ae4930e"", ""cf3b2908aa3966255af678a1f886431db0cdaa8a288279422f6f3623b58a1a3b"", ""db52557bdde6e67e380ce8835a69f95f616a302b6e25bbf084b7eda7896dee75""]"
downstream_2500step,openpangu,gsm8k,iid_matched,step_002500,final_train_loss,lower,loss,3,1.0301184356212616,0.06371184885860344,"[42, 123, 1107]","[""openpangu__gsm8k__qv__iid_matched__s1107__n2500"", ""openpangu__gsm8k__qv__iid_matched__s123__n2500"", ""openpangu__gsm8k__qv__iid_matched__s42__n2500""]","[""ca907596f316b4da60a9284527a2809b8a393159c66d150cfdcfa9d94ae4930e"", ""cf3b2908aa3966255af678a1f886431db0cdaa8a288279422f6f3623b58a1a3b"", ""db52557bdde6e67e380ce8835a69f95f616a302b6e25bbf084b7eda7896dee75""]"
downstream_2500step,openpangu,gsm8k,peft_default,step_000500,raw_auc500,lower,loss_step,3,705.8035870691141,5.661362136748942,"[42, 123, 1107]","[""openpangu__gsm8k__qv__peft_default__s1107__n2500"", ""openpangu__gsm8k__qv__peft_default__s123__n2500"", ""openpangu__gsm8k__qv__peft_default__s42__n2500""]","[""813b66f6dfc8bea032d319d3965fa3a0fbaeda12f0a6089ce0b8e49ba62f508d"", ""90b3e4845d5410fb3b579d7622b785e5e7ee648f52224f522c5405561116c333"", ""d2aa5af1673c4e573420809db8e5040ea2bbe73c233b1a3f69e030ba48c73a12""]"
downstream_2500step,openpangu,gsm8k,peft_default,step_001500,exact_match,higher,score,1,0.6550416982562547,,[1107],"[""openpangu__gsm8k__qv__peft_default__s1107__n2500""]","[""813b66f6dfc8bea032d319d3965fa3a0fbaeda12f0a6089ce0b8e49ba62f508d""]"
downstream_2500step,openpangu,gsm8k,peft_default,step_002500,exact_match,higher,score,3,0.6527672479150872,0.010199866601268882,"[42, 123, 1107]","[""openpangu__gsm8k__qv__peft_default__s1107__n2500"", ""openpangu__gsm8k__qv__peft_default__s123__n2500"", ""openpangu__gsm8k__qv__peft_default__s42__n2500""]","[""813b66f6dfc8bea032d319d3965fa3a0fbaeda12f0a6089ce0b8e49ba62f508d"", ""90b3e4845d5410fb3b579d7622b785e5e7ee648f52224f522c5405561116c333"", ""d2aa5af1673c4e573420809db8e5040ea2bbe73c233b1a3f69e030ba48c73a12""]"
downstream_2500step,openpangu,gsm8k,peft_default,step_002500,final_train_loss,lower,loss,3,1.0391142989198368,0.06694869282346204,"[42, 123, 1107]","[""openpangu__gsm8k__qv__peft_default__s1107__n2500"", ""openpangu__gsm8k__qv__peft_default__s123__n2500"", ""openpangu__gsm8k__qv__peft_default__s42__n2500""]","[""813b66f6dfc8bea032d319d3965fa3a0fbaeda12f0a6089ce0b8e49ba62f508d"", ""90b3e4845d5410fb3b579d7622b785e5e7ee648f52224f522c5405561116c333"", ""d2aa5af1673c4e573420809db8e5040ea2bbe73c233b1a3f69e030ba48c73a12""]"
downstream_2500step,openpangu,gsm8k,powerlaw_global_a06,step_000500,raw_auc500,lower,loss_step,3,686.4446523115039,8.876319722243554,"[42, 123, 1107]","[""openpangu__gsm8k__qv__powerlaw_global_a06__s1107__n2500"", ""openpangu__gsm8k__qv__powerlaw_global_a06__s123__n2500"", ""openpangu__gsm8k__qv__powerlaw_global_a06__s42__n2500""]","[""077a30e3d9e32875e700fa52dd9e87d6fe4496e096f580ccb7bc2f28c8bae227"", ""35dc32f4d8abc380c28453c851c0909c85822a7e58722a230940b2b597d6ea10"", ""ee92014287e446325d019aa162c3ba3039ddb958fdb191871aa4292405141430""]"
downstream_2500step,openpangu,gsm8k,powerlaw_global_a06,step_001500,exact_match,higher,score,1,0.6611068991660348,,[1107],"[""openpangu__gsm8k__qv__powerlaw_global_a06__s1107__n2500""]","[""077a30e3d9e32875e700fa52dd9e87d6fe4496e096f580ccb7bc2f28c8bae227""]"
downstream_2500step,openpangu,gsm8k,powerlaw_global_a06,step_002500,exact_match,higher,score,3,0.6661612332575183,0.01034904990115911,"[42, 123, 1107]","[""openpangu__gsm8k__qv__powerlaw_global_a06__s1107__n2500"", ""openpangu__gsm8k__qv__powerlaw_global_a06__s123__n2500"", ""openpangu__gsm8k__qv__powerlaw_global_a06__s42__n2500""]","[""077a30e3d9e32875e700fa52dd9e87d6fe4496e096f580ccb7bc2f28c8bae227"", ""35dc32f4d8abc380c28453c851c0909c85822a7e58722a230940b2b597d6ea10"", ""ee92014287e446325d019aa162c3ba3039ddb958fdb191871aa4292405141430""]"
downstream_2500step,openpangu,gsm8k,powerlaw_global_a06,step_002500,final_train_loss,lower,loss,3,1.0285795281330745,0.061226207466898795,"[42, 123, 1107]","[""openpangu__gsm8k__qv__powerlaw_global_a06__s1107__n2500"", ""openpangu__gsm8k__qv__powerlaw_global_a06__s123__n2500"", ""openpangu__gsm8k__qv__powerlaw_global_a06__s42__n2500""]","[""077a30e3d9e32875e700fa52dd9e87d6fe4496e096f580ccb7bc2f28c8bae227"", ""35dc32f4d8abc380c28453c851c0909c85822a7e58722a230940b2b597d6ea10"", ""ee92014287e446325d019aa162c3ba3039ddb958fdb191871aa4292405141430""]"
downstream_2500step,openpangu,mbpp,iid_matched,step_000500,raw_auc500,lower,loss_step,3,683.9489379258206,6.890364733988046,"[42, 123, 1107]","[""openpangu__mbpp__qv__iid_matched__s1107__n2500"", ""openpangu__mbpp__qv__iid_matched__s123__n2500"", ""openpangu__mbpp__qv__iid_matched__s42__n2500""]","[""181d71e4a4c79f74c8b9c2a9463cb78a7d882f7079f7921c9b1c17daa5e67e12"", ""5e6f845bffadabff10386046be2e7b7428810b05628cc72761068d93ef563b6b"", ""da984dad475c64519b1ada1ddf2617e03d83e05e1536a717c46209fa1de9b5b9""]"
downstream_2500step,openpangu,mbpp,iid_matched,step_002500,final_train_loss,lower,loss,3,0.11246904777362943,0.013183779402266869,"[42, 123, 1107]","[""openpangu__mbpp__qv__iid_matched__s1107__n2500"", ""openpangu__mbpp__qv__iid_matched__s123__n2500"", ""openpangu__mbpp__qv__iid_matched__s42__n2500""]","[""181d71e4a4c79f74c8b9c2a9463cb78a7d882f7079f7921c9b1c17daa5e67e12"", ""5e6f845bffadabff10386046be2e7b7428810b05628cc72761068d93ef563b6b"", ""da984dad475c64519b1ada1ddf2617e03d83e05e1536a717c46209fa1de9b5b9""]"
downstream_2500step,openpangu,mbpp,peft_default,step_000100,pass_at_1,higher,score,1,0.2727272727272727,,[1107],"[""openpangu__mbpp__qv__peft_default__s1107__n2500""]","[""c2a19dd50d2665e8d7850bcd105e23f76bb72a39560a7c7be8b7669b6b32808b""]"
downstream_2500step,openpangu,mbpp,peft_default,step_000500,pass_at_1,higher,score,1,0.2727272727272727,,[1107],"[""openpangu__mbpp__qv__peft_default__s1107__n2500""]","[""c2a19dd50d2665e8d7850bcd105e23f76bb72a39560a7c7be8b7669b6b32808b""]"
downstream_2500step,openpangu,mbpp,peft_default,step_000500,raw_auc500,lower,loss_step,3,703.5831517055631,5.682104623570061,"[42, 123, 1107]","[""openpangu__mbpp__qv__peft_default__s1107__n2500"", ""openpangu__mbpp__qv__peft_default__s123__n2500"", ""openpangu__mbpp__qv__peft_default__s42__n2500""]","[""bb4e0d84f10b0a35ce06da97ad7da5f5088c9f558aa467d937cc4dba6073b96d"", ""c2a19dd50d2665e8d7850bcd105e23f76bb72a39560a7c7be8b7669b6b32808b"", ""d491c5ff7bc11aa74cdeac09d1519f1b358cba6e12c83b04d408cc0c5c73d843""]"
downstream_2500step,openpangu,mbpp,peft_default,step_001500,pass_at_1,higher,score,1,0.19518716577540107,,[1107],"[""openpangu__mbpp__qv__peft_default__s1107__n2500""]","[""c2a19dd50d2665e8d7850bcd105e23f76bb72a39560a7c7be8b7669b6b32808b""]"
downstream_2500step,openpangu,mbpp,peft_default,step_002500,final_train_loss,lower,loss,3,0.11964474835743506,0.016442996705560615,"[42, 123, 1107]","[""openpangu__mbpp__qv__peft_default__s1107__n2500"", ""openpangu__mbpp__qv__peft_default__s123__n2500"", ""openpangu__mbpp__qv__peft_default__s42__n2500""]","[""bb4e0d84f10b0a35ce06da97ad7da5f5088c9f558aa467d937cc4dba6073b96d"", ""c2a19dd50d2665e8d7850bcd105e23f76bb72a39560a7c7be8b7669b6b32808b"", ""d491c5ff7bc11aa74cdeac09d1519f1b358cba6e12c83b04d408cc0c5c73d843""]"
downstream_2500step,openpangu,mbpp,peft_default,step_002500,pass_at_1,higher,score,3,0.19073083778966135,0.026782494119994147,"[42, 123, 1107]","[""openpangu__mbpp__qv__peft_default__s1107__n2500"", ""openpangu__mbpp__qv__peft_default__s123__n2500"", ""openpangu__mbpp__qv__peft_default__s42__n2500""]","[""bb4e0d84f10b0a35ce06da97ad7da5f5088c9f558aa467d937cc4dba6073b96d"", ""c2a19dd50d2665e8d7850bcd105e23f76bb72a39560a7c7be8b7669b6b32808b"", ""d491c5ff7bc11aa74cdeac09d1519f1b358cba6e12c83b04d408cc0c5c73d843""]"
downstream_2500step,openpangu,mbpp,powerlaw_global_a06,step_000100,pass_at_1,higher,score,1,0.28609625668449196,,[1107],"[""openpangu__mbpp__qv__powerlaw_global_a06__s1107__n2500""]","[""44f8414c99ceff8d11ddd033d7f26467966c67f7cc8c8b3e7602e67d0347c092""]"
downstream_2500step,openpangu,mbpp,powerlaw_global_a06,step_000500,pass_at_1,higher,score,1,0.2700534759358289,,[1107],"[""openpangu__mbpp__qv__powerlaw_global_a06__s1107__n2500""]","[""44f8414c99ceff8d11ddd033d7f26467966c67f7cc8c8b3e7602e67d0347c092""]"
downstream_2500step,openpangu,mbpp,powerlaw_global_a06,step_000500,raw_auc500,lower,loss_step,3,686.810294582819,4.840037270098446,"[42, 123, 1107]","[""openpangu__mbpp__qv__powerlaw_global_a06__s1107__n2500"", ""openpangu__mbpp__qv__powerlaw_global_a06__s123__n2500"", ""openpangu__mbpp__qv__powerlaw_global_a06__s42__n2500""]","[""44f8414c99ceff8d11ddd033d7f26467966c67f7cc8c8b3e7602e67d0347c092"", ""6e637cd99a716ffb19ff4b0306381832f78a3bf4776e556ef3b9d1ee180cae62"", ""ec6b65868ef9897a9173d2ca0f99e42c0962bfe52525e6c97dfb54fe87deda1d""]"
downstream_2500step,openpangu,mbpp,powerlaw_global_a06,step_001500,pass_at_1,higher,score,1,0.22192513368983957,,[1107],"[""openpangu__mbpp__qv__powerlaw_global_a06__s1107__n2500""]","[""44f8414c99ceff8d11ddd033d7f26467966c67f7cc8c8b3e7602e67d0347c092""]"
downstream_2500step,openpangu,mbpp,powerlaw_global_a06,step_002500,final_train_loss,lower,loss,3,0.11336704855784774,0.013081667851614557,"[42, 123, 1107]","[""openpangu__mbpp__qv__powerlaw_global_a06__s1107__n2500"", ""openpangu__mbpp__qv__powerlaw_global_a06__s123__n2500"", ""openpangu__mbpp__qv__powerlaw_global_a06__s42__n2500""]","[""44f8414c99ceff8d11ddd033d7f26467966c67f7cc8c8b3e7602e67d0347c092"", ""6e637cd99a716ffb19ff4b0306381832f78a3bf4776e556ef3b9d1ee180cae62"", ""ec6b65868ef9897a9173d2ca0f99e42c0962bfe52525e6c97dfb54fe87deda1d""]"
downstream_2500step,openpangu,mbpp,powerlaw_global_a06,step_002500,pass_at_1,higher,score,3,0.21390374331550802,0.028170197200141016,"[42, 123, 1107]","[""openpangu__mbpp__qv__powerlaw_global_a06__s1107__n2500"", ""openpangu__mbpp__qv__powerlaw_global_a06__s123__n2500"", ""openpangu__mbpp__qv__powerlaw_global_a06__s42__n2500""]","[""44f8414c99ceff8d11ddd033d7f26467966c67f7cc8c8b3e7602e67d0347c092"", ""6e637cd99a716ffb19ff4b0306381832f78a3bf4776e556ef3b9d1ee180cae62"", ""ec6b65868ef9897a9173d2ca0f99e42c0962bfe52525e6c97dfb54fe87deda1d""]"
downstream_2500step,openpangu,sharegpt,iid_matched,step_000500,raw_auc500,lower,loss_step,3,715.3137525469065,5.980672404454866,"[42, 123, 1107]","[""openpangu__sharegpt__qv__iid_matched__s1107__n2500"", ""openpangu__sharegpt__qv__iid_matched__s123__n2500"", ""openpangu__sharegpt__qv__iid_matched__s42__n2500""]","[""4354692c99a463ece65281c316f62d02a55249db97376113dee8d43816e8ac2b"", ""46e2ad200bd316a8e7693f188315b7cd86272c95ae8479ac048a99e574494cd5"", ""d7f6779c20e10df691015687a2c4da533200f6391db563d47d91290013808127""]"
downstream_2500step,openpangu,sharegpt,iid_matched,step_002500,final_train_loss,lower,loss,3,1.209718386332194,0.3377185887696014,"[42, 123, 1107]","[""openpangu__sharegpt__qv__iid_matched__s1107__n2500"", ""openpangu__sharegpt__qv__iid_matched__s123__n2500"", ""openpangu__sharegpt__qv__iid_matched__s42__n2500""]","[""4354692c99a463ece65281c316f62d02a55249db97376113dee8d43816e8ac2b"", ""46e2ad200bd316a8e7693f188315b7cd86272c95ae8479ac048a99e574494cd5"", ""d7f6779c20e10df691015687a2c4da533200f6391db563d47d91290013808127""]"
downstream_2500step,openpangu,sharegpt,peft_default,step_000500,raw_auc500,lower,loss_step,3,727.674792997539,4.257804555066322,"[42, 123, 1107]","[""openpangu__sharegpt__qv__peft_default__s1107__n2500"", ""openpangu__sharegpt__qv__peft_default__s123__n2500"", ""openpangu__sharegpt__qv__peft_default__s42__n2500""]","[""0f9c9e482f332fd83dba99df4323c48c19b2ee644a13d3a20021a8234326ca25"", ""21d3cf4e606aa27a69baa96beb35da9d383f87d5e288f83006ac5e9474e995f1"", ""71557c61a16ad7c75f7fb6479b7a097bd4187366bd0f1a79715b648ddffe8c73""]"
downstream_2500step,openpangu,sharegpt,peft_default,step_002500,final_train_loss,lower,loss,3,1.2193428725004196,0.34011724304973673,"[42, 123, 1107]","[""openpangu__sharegpt__qv__peft_default__s1107__n2500"", ""openpangu__sharegpt__qv__peft_default__s123__n2500"", ""openpangu__sharegpt__qv__peft_default__s42__n2500""]","[""0f9c9e482f332fd83dba99df4323c48c19b2ee644a13d3a20021a8234326ca25"", ""21d3cf4e606aa27a69baa96beb35da9d383f87d5e288f83006ac5e9474e995f1"", ""71557c61a16ad7c75f7fb6479b7a097bd4187366bd0f1a79715b648ddffe8c73""]"
downstream_2500step,openpangu,sharegpt,peft_default,step_002500,heldout_nll,lower,score,3,1.1971426054604517,0.0028595295061440975,"[42, 123, 1107]","[""openpangu__sharegpt__qv__peft_default__s1107__n2500"", ""openpangu__sharegpt__qv__peft_default__s123__n2500"", ""openpangu__sharegpt__qv__peft_default__s42__n2500""]","[""0f9c9e482f332fd83dba99df4323c48c19b2ee644a13d3a20021a8234326ca25"", ""21d3cf4e606aa27a69baa96beb35da9d383f87d5e288f83006ac5e9474e995f1"", ""71557c61a16ad7c75f7fb6479b7a097bd4187366bd0f1a79715b648ddffe8c73""]"
downstream_2500step,openpangu,sharegpt,peft_default,step_002500,prometheus_absolute_score,higher,score,3,1.7100000000000002,0.102591422643416,"[42, 123, 1107]","[""openpangu__sharegpt__qv__peft_default__s1107__n2500"", ""openpangu__sharegpt__qv__peft_default__s123__n2500"", ""openpangu__sharegpt__qv__peft_default__s42__n2500""]","[""0f9c9e482f332fd83dba99df4323c48c19b2ee644a13d3a20021a8234326ca25"", ""21d3cf4e606aa27a69baa96beb35da9d383f87d5e288f83006ac5e9474e995f1"", ""71557c61a16ad7c75f7fb6479b7a097bd4187366bd0f1a79715b648ddffe8c73""]"
downstream_2500step,openpangu,sharegpt,peft_default,step_002500,prometheus_judged_samples,higher,score,3,200.0,0.0,"[42, 123, 1107]","[""openpangu__sharegpt__qv__peft_default__s1107__n2500"", ""openpangu__sharegpt__qv__peft_default__s123__n2500"", ""openpangu__sharegpt__qv__peft_default__s42__n2500""]","[""0f9c9e482f332fd83dba99df4323c48c19b2ee644a13d3a20021a8234326ca25"", ""21d3cf4e606aa27a69baa96beb35da9d383f87d5e288f83006ac5e9474e995f1"", ""71557c61a16ad7c75f7fb6479b7a097bd4187366bd0f1a79715b648ddffe8c73""]"
downstream_2500step,openpangu,sharegpt,peft_default,step_002500,prometheus_unjudgeable_samples,higher,score,3,0.0,0.0,"[42, 123, 1107]","[""openpangu__sharegpt__qv__peft_default__s1107__n2500"", ""openpangu__sharegpt__qv__peft_default__s123__n2500"", ""openpangu__sharegpt__qv__peft_default__s42__n2500""]","[""0f9c9e482f332fd83dba99df4323c48c19b2ee644a13d3a20021a8234326ca25"", ""21d3cf4e606aa27a69baa96beb35da9d383f87d5e288f83006ac5e9474e995f1"", ""71557c61a16ad7c75f7fb6479b7a097bd4187366bd0f1a79715b648ddffe8c73""]"
downstream_2500step,openpangu,sharegpt,powerlaw_global_a06,step_000500,raw_auc500,lower,loss_step,3,715.5204120675722,6.436979140658367,"[42, 123, 1107]","[""openpangu__sharegpt__qv__powerlaw_global_a06__s1107__n2500"", ""openpangu__sharegpt__qv__powerlaw_global_a06__s123__n2500"", ""openpangu__sharegpt__qv__powerlaw_global_a06__s42__n2500""]","[""1393ba34b629d90571bae1a60cded69912fab6e3c599a546b8d790672983a54c"", ""2faae1bddaec761efd37b07339fce081387c2308a0fe6e2f648dee74e2582887"", ""dd486ca7ebfe8bbe08fa8b5be4ddf2572165462865820addf870a6683fa467ac""]"
downstream_2500step,openpangu,sharegpt,powerlaw_global_a06,step_002500,final_train_loss,lower,loss,3,1.2029450113574665,0.3409548824101324,"[42, 123, 1107]","[""openpangu__sharegpt__qv__powerlaw_global_a06__s1107__n2500"", ""openpangu__sharegpt__qv__powerlaw_global_a06__s123__n2500"", ""openpangu__sharegpt__qv__powerlaw_global_a06__s42__n2500""]","[""1393ba34b629d90571bae1a60cded69912fab6e3c599a546b8d790672983a54c"", ""2faae1bddaec761efd37b07339fce081387c2308a0fe6e2f648dee74e2582887"", ""dd486ca7ebfe8bbe08fa8b5be4ddf2572165462865820addf870a6683fa467ac""]"
downstream_2500step,openpangu,sharegpt,powerlaw_global_a06,step_002500,heldout_nll,lower,score,3,1.1901259116770664,0.004666252004449393,"[42, 123, 1107]","[""openpangu__sharegpt__qv__powerlaw_global_a06__s1107__n2500"", ""openpangu__sharegpt__qv__powerlaw_global_a06__s123__n2500"", ""openpangu__sharegpt__qv__powerlaw_global_a06__s42__n2500""]","[""1393ba34b629d90571bae1a60cded69912fab6e3c599a546b8d790672983a54c"", ""2faae1bddaec761efd37b07339fce081387c2308a0fe6e2f648dee74e2582887"", ""dd486ca7ebfe8bbe08fa8b5be4ddf2572165462865820addf870a6683fa467ac""]"
downstream_2500step,openpangu,sharegpt,powerlaw_global_a06,step_002500,prometheus_absolute_score,higher,score,3,1.635,0.06000000000000005,"[42, 123, 1107]","[""openpangu__sharegpt__qv__powerlaw_global_a06__s1107__n2500"", ""openpangu__sharegpt__qv__powerlaw_global_a06__s123__n2500"", ""openpangu__sharegpt__qv__powerlaw_global_a06__s42__n2500""]","[""1393ba34b629d90571bae1a60cded69912fab6e3c599a546b8d790672983a54c"", ""2faae1bddaec761efd37b07339fce081387c2308a0fe6e2f648dee74e2582887"", ""dd486ca7ebfe8bbe08fa8b5be4ddf2572165462865820addf870a6683fa467ac""]"
downstream_2500step,openpangu,sharegpt,powerlaw_global_a06,step_002500,prometheus_judged_samples,higher,score,3,200.0,0.0,"[42, 123, 1107]","[""openpangu__sharegpt__qv__powerlaw_global_a06__s1107__n2500"", ""openpangu__sharegpt__qv__powerlaw_global_a06__s123__n2500"", ""openpangu__sharegpt__qv__powerlaw_global_a06__s42__n2500""]","[""1393ba34b629d90571bae1a60cded69912fab6e3c599a546b8d790672983a54c"", ""2faae1bddaec761efd37b07339fce081387c2308a0fe6e2f648dee74e2582887"", ""dd486ca7ebfe8bbe08fa8b5be4ddf2572165462865820addf870a6683fa467ac""]"
downstream_2500step,openpangu,sharegpt,powerlaw_global_a06,step_002500,prometheus_unjudgeable_samples,higher,score,3,0.0,0.0,"[42, 123, 1107]","[""openpangu__sharegpt__qv__powerlaw_global_a06__s1107__n2500"", ""openpangu__sharegpt__qv__powerlaw_global_a06__s123__n2500"", ""openpangu__sharegpt__qv__powerlaw_global_a06__s42__n2500""]","[""1393ba34b629d90571bae1a60cded69912fab6e3c599a546b8d790672983a54c"", ""2faae1bddaec761efd37b07339fce081387c2308a0fe6e2f648dee74e2582887"", ""dd486ca7ebfe8bbe08fa8b5be4ddf2572165462865820addf870a6683fa467ac""]"
downstream_2500step,qwen,cmmlu,iid_matched,step_000500,raw_auc500,lower,loss_step,3,479.797603180632,3.8620236074957264,"[42, 123, 1107]","[""qwen__cmmlu__qv__iid_matched__s1107__n2500"", ""qwen__cmmlu__qv__iid_matched__s123__n2500"", ""qwen__cmmlu__qv__iid_matched__s42__n2500""]","[""0ab1a065f000027b6b3ee5e343405e6c4fa02e5d7badc1dd17149c025c0b88a6"", ""d3db1fbf1198a8c6f1784d9dd94f40f306d46d177673b495682a128502ad69a9"", ""ff8d571d111996511be34b6021c9c1ba8a51083478972da232cfdcc89120702d""]"
downstream_2500step,qwen,cmmlu,iid_matched,step_002500,final_train_loss,lower,loss,3,0.1645736057932178,0.021079644288831016,"[42, 123, 1107]","[""qwen__cmmlu__qv__iid_matched__s1107__n2500"", ""qwen__cmmlu__qv__iid_matched__s123__n2500"", ""qwen__cmmlu__qv__iid_matched__s42__n2500""]","[""0ab1a065f000027b6b3ee5e343405e6c4fa02e5d7badc1dd17149c025c0b88a6"", ""d3db1fbf1198a8c6f1784d9dd94f40f306d46d177673b495682a128502ad69a9"", ""ff8d571d111996511be34b6021c9c1ba8a51083478972da232cfdcc89120702d""]"
downstream_2500step,qwen,cmmlu,iid_matched,step_002500,macro_accuracy,higher,score,3,0.7620611936926709,0.0050491726712496654,"[42, 123, 1107]","[""qwen__cmmlu__qv__iid_matched__s1107__n2500"", ""qwen__cmmlu__qv__iid_matched__s123__n2500"", ""qwen__cmmlu__qv__iid_matched__s42__n2500""]","[""0ab1a065f000027b6b3ee5e343405e6c4fa02e5d7badc1dd17149c025c0b88a6"", ""d3db1fbf1198a8c6f1784d9dd94f40f306d46d177673b495682a128502ad69a9"", ""ff8d571d111996511be34b6021c9c1ba8a51083478972da232cfdcc89120702d""]"
downstream_2500step,qwen,cmmlu,peft_default,step_000500,raw_auc500,lower,loss_step,3,506.05000699621934,0.5708604899135682,"[42, 123, 1107]","[""qwen__cmmlu__qv__peft_default__s1107__n2500"", ""qwen__cmmlu__qv__peft_default__s123__n2500"", ""qwen__cmmlu__qv__peft_default__s42__n2500""]","[""235d28f74daa7f28febb467fcce04b134801f7310a0ce59b397f44a2ea8eeb86"", ""b53dd876d8b973fad232a3dd293ffb1b48fe77c26c6f06a1f432a564ed05ec28"", ""f953014b16896a15acf04f22e34663538d8a0418bd67a0ebea5de0c3d2da1cae""]"
downstream_2500step,qwen,cmmlu,peft_default,step_002500,final_train_loss,lower,loss,3,0.18205944107224545,0.03649523586402459,"[42, 123, 1107]","[""qwen__cmmlu__qv__peft_default__s1107__n2500"", ""qwen__cmmlu__qv__peft_default__s123__n2500"", ""qwen__cmmlu__qv__peft_default__s42__n2500""]","[""235d28f74daa7f28febb467fcce04b134801f7310a0ce59b397f44a2ea8eeb86"", ""b53dd876d8b973fad232a3dd293ffb1b48fe77c26c6f06a1f432a564ed05ec28"", ""f953014b16896a15acf04f22e34663538d8a0418bd67a0ebea5de0c3d2da1cae""]"
downstream_2500step,qwen,cmmlu,peft_default,step_002500,macro_accuracy,higher,score,3,0.7579490388924904,0.0034636313115308905,"[42, 123, 1107]","[""qwen__cmmlu__qv__peft_default__s1107__n2500"", ""qwen__cmmlu__qv__peft_default__s123__n2500"", ""qwen__cmmlu__qv__peft_default__s42__n2500""]","[""235d28f74daa7f28febb467fcce04b134801f7310a0ce59b397f44a2ea8eeb86"", ""b53dd876d8b973fad232a3dd293ffb1b48fe77c26c6f06a1f432a564ed05ec28"", ""f953014b16896a15acf04f22e34663538d8a0418bd67a0ebea5de0c3d2da1cae""]"
downstream_2500step,qwen,cmmlu,powerlaw_global_a06,step_000500,raw_auc500,lower,loss_step,3,477.86330860046047,3.3388068366683012,"[42, 123, 1107]","[""qwen__cmmlu__qv__powerlaw_global_a06__s1107__n2500"", ""qwen__cmmlu__qv__powerlaw_global_a06__s123__n2500"", ""qwen__cmmlu__qv__powerlaw_global_a06__s42__n2500""]","[""6517f648ddcc952155e1be5336e9bd27ba79fe306b0cdc81942378706cb9e6aa"", ""d7ab8b6b49fd90131f6c3f504fd5ac6d208786e729107b6953c659b05806460b"", ""f66ec32512934cae4c2dab56857a121cdea603157bd44217e4297d8155c92837""]"
downstream_2500step,qwen,cmmlu,powerlaw_global_a06,step_002500,final_train_loss,lower,loss,3,0.168630531989038,0.02127928913219912,"[42, 123, 1107]","[""qwen__cmmlu__qv__powerlaw_global_a06__s1107__n2500"", ""qwen__cmmlu__qv__powerlaw_global_a06__s123__n2500"", ""qwen__cmmlu__qv__powerlaw_global_a06__s42__n2500""]","[""6517f648ddcc952155e1be5336e9bd27ba79fe306b0cdc81942378706cb9e6aa"", ""d7ab8b6b49fd90131f6c3f504fd5ac6d208786e729107b6953c659b05806460b"", ""f66ec32512934cae4c2dab56857a121cdea603157bd44217e4297d8155c92837""]"
downstream_2500step,qwen,cmmlu,powerlaw_global_a06,step_002500,macro_accuracy,higher,score,3,0.7680911943664964,0.0015642643871181282,"[42, 123, 1107]","[""qwen__cmmlu__qv__powerlaw_global_a06__s1107__n2500"", ""qwen__cmmlu__qv__powerlaw_global_a06__s123__n2500"", ""qwen__cmmlu__qv__powerlaw_global_a06__s42__n2500""]","[""6517f648ddcc952155e1be5336e9bd27ba79fe306b0cdc81942378706cb9e6aa"", ""d7ab8b6b49fd90131f6c3f504fd5ac6d208786e729107b6953c659b05806460b"", ""f66ec32512934cae4c2dab56857a121cdea603157bd44217e4297d8155c92837""]"
downstream_2500step,qwen,gsm8k,peft_default,step_000500,raw_auc500,lower,loss_step,3,95.65038919161695,0.6600799983871979,"[42, 123, 1107]","[""qwen__gsm8k__qv__peft_default__s1107__n2500"", ""qwen__gsm8k__qv__peft_default__s123__n2500"", ""qwen__gsm8k__qv__peft_default__s42__n2500""]","[""08d18fe421962ffcd2b747a63581d83f0ed125e85186f3508fd4b7ff6945dd48"", ""8b55ef5d1e63423f6e7f50c6c698902a628beb9c078ebce9e8fc2f4abbe00fab"", ""c40703a933ff1d202d29fe6f950fbe6602ff21a105fcaa6d4ce3426023161d4e""]"
downstream_2500step,qwen,gsm8k,peft_default,step_002500,exact_match,higher,score,3,0.7712913823603741,0.008035437500927271,"[42, 123, 1107]","[""qwen__gsm8k__qv__peft_default__s1107__n2500"", ""qwen__gsm8k__qv__peft_default__s123__n2500"", ""qwen__gsm8k__qv__peft_default__s42__n2500""]","[""08d18fe421962ffcd2b747a63581d83f0ed125e85186f3508fd4b7ff6945dd48"", ""8b55ef5d1e63423f6e7f50c6c698902a628beb9c078ebce9e8fc2f4abbe00fab"", ""c40703a933ff1d202d29fe6f950fbe6602ff21a105fcaa6d4ce3426023161d4e""]"
downstream_2500step,qwen,gsm8k,peft_default,step_002500,final_train_loss,lower,loss,3,0.1268575886885325,0.014604245294547884,"[42, 123, 1107]","[""qwen__gsm8k__qv__peft_default__s1107__n2500"", ""qwen__gsm8k__qv__peft_default__s123__n2500"", ""qwen__gsm8k__qv__peft_default__s42__n2500""]","[""08d18fe421962ffcd2b747a63581d83f0ed125e85186f3508fd4b7ff6945dd48"", ""8b55ef5d1e63423f6e7f50c6c698902a628beb9c078ebce9e8fc2f4abbe00fab"", ""c40703a933ff1d202d29fe6f950fbe6602ff21a105fcaa6d4ce3426023161d4e""]"
downstream_2500step,qwen,gsm8k,powerlaw_global_a06,step_000500,raw_auc500,lower,loss_step,3,93.60579416303274,0.7042846027170304,"[42, 123, 1107]","[""qwen__gsm8k__qv__powerlaw_global_a06__s1107__n2500"", ""qwen__gsm8k__qv__powerlaw_global_a06__s123__n2500"", ""qwen__gsm8k__qv__powerlaw_global_a06__s42__n2500""]","[""3e5caf35c57289b1bd79b065de50688dd05daf2a3ac80fb59354eb9c6a03ad9d"", ""981f014b2aca339c5ea3f1c52a72082843240df003c48bd9e0b36fdebab39564"", ""df7913b4ca7309ecd32f8da465589706a1eee1ed8fd2bf9cd7fb132fe387c736""]"
downstream_2500step,qwen,gsm8k,powerlaw_global_a06,step_002500,exact_match,higher,score,3,0.781400050543341,0.0004377181722438243,"[42, 123, 1107]","[""qwen__gsm8k__qv__powerlaw_global_a06__s1107__n2500"", ""qwen__gsm8k__qv__powerlaw_global_a06__s123__n2500"", ""qwen__gsm8k__qv__powerlaw_global_a06__s42__n2500""]","[""3e5caf35c57289b1bd79b065de50688dd05daf2a3ac80fb59354eb9c6a03ad9d"", ""981f014b2aca339c5ea3f1c52a72082843240df003c48bd9e0b36fdebab39564"", ""df7913b4ca7309ecd32f8da465589706a1eee1ed8fd2bf9cd7fb132fe387c736""]"
downstream_2500step,qwen,gsm8k,powerlaw_global_a06,step_002500,final_train_loss,lower,loss,3,0.12442609171072642,0.01237403715724098,"[42, 123, 1107]","[""qwen__gsm8k__qv__powerlaw_global_a06__s1107__n2500"", ""qwen__gsm8k__qv__powerlaw_global_a06__s123__n2500"", ""qwen__gsm8k__qv__powerlaw_global_a06__s42__n2500""]","[""3e5caf35c57289b1bd79b065de50688dd05daf2a3ac80fb59354eb9c6a03ad9d"", ""981f014b2aca339c5ea3f1c52a72082843240df003c48bd9e0b36fdebab39564"", ""df7913b4ca7309ecd32f8da465589706a1eee1ed8fd2bf9cd7fb132fe387c736""]"
downstream_2500step,qwen,mbpp,peft_default,step_000500,raw_auc500,lower,loss_step,3,419.4997903527692,2.8437025688642796,"[42, 123, 1107]","[""qwen__mbpp__qv__peft_default__s1107__n2500"", ""qwen__mbpp__qv__peft_default__s123__n2500"", ""qwen__mbpp__qv__peft_default__s42__n2500""]","[""0ea00fb0cee84b94c368788ba0d4ac0fe4eda2c2e512d9edb01aed5990574de3"", ""89aa660095fe7f4e0ef31d58fefab8ac41203011339c42bd7c0a1dd94d1528ad"", ""e60e989954ff8eaf32037973e5df582ade3ebcb33c291d980df20b427da7742f""]"
downstream_2500step,qwen,mbpp,peft_default,step_002500,final_train_loss,lower,loss,3,0.1802383785446485,0.002634616367594165,"[42, 123, 1107]","[""qwen__mbpp__qv__peft_default__s1107__n2500"", ""qwen__mbpp__qv__peft_default__s123__n2500"", ""qwen__mbpp__qv__peft_default__s42__n2500""]","[""0ea00fb0cee84b94c368788ba0d4ac0fe4eda2c2e512d9edb01aed5990574de3"", ""89aa660095fe7f4e0ef31d58fefab8ac41203011339c42bd7c0a1dd94d1528ad"", ""e60e989954ff8eaf32037973e5df582ade3ebcb33c291d980df20b427da7742f""]"
downstream_2500step,qwen,mbpp,peft_default,step_002500,pass_at_1,higher,score,3,0.409090909090909,0.009640511431721904,"[42, 123, 1107]","[""qwen__mbpp__qv__peft_default__s1107__n2500"", ""qwen__mbpp__qv__peft_default__s123__n2500"", ""qwen__mbpp__qv__peft_default__s42__n2500""]","[""0ea00fb0cee84b94c368788ba0d4ac0fe4eda2c2e512d9edb01aed5990574de3"", ""89aa660095fe7f4e0ef31d58fefab8ac41203011339c42bd7c0a1dd94d1528ad"", ""e60e989954ff8eaf32037973e5df582ade3ebcb33c291d980df20b427da7742f""]"
downstream_2500step,qwen,mbpp,powerlaw_global_a06,step_000500,raw_auc500,lower,loss_step,3,412.8274574112147,1.0535477750896842,"[42, 123, 1107]","[""qwen__mbpp__qv__powerlaw_global_a06__s1107__n2500"", ""qwen__mbpp__qv__powerlaw_global_a06__s123__n2500"", ""qwen__mbpp__qv__powerlaw_global_a06__s42__n2500""]","[""b155f3d5817e620188937179038c6cd518a8410b225e4493d88700cfc14f90c1"", ""c44cf9da81a5e34eeac6e7c11fe6d01cba0b928208e759bddaa8c725587e826b"", ""c587d21ecd501a69781c5c08eaff6d99944f9060a7f5cb2a6b08080606e2f270""]"
downstream_2500step,qwen,mbpp,powerlaw_global_a06,step_002500,final_train_loss,lower,loss,3,0.14693161814163128,0.007611084002827669,"[42, 123, 1107]","[""qwen__mbpp__qv__powerlaw_global_a06__s1107__n2500"", ""qwen__mbpp__qv__powerlaw_global_a06__s123__n2500"", ""qwen__mbpp__qv__powerlaw_global_a06__s42__n2500""]","[""b155f3d5817e620188937179038c6cd518a8410b225e4493d88700cfc14f90c1"", ""c44cf9da81a5e34eeac6e7c11fe6d01cba0b928208e759bddaa8c725587e826b"", ""c587d21ecd501a69781c5c08eaff6d99944f9060a7f5cb2a6b08080606e2f270""]"
downstream_2500step,qwen,mbpp,powerlaw_global_a06,step_002500,pass_at_1,higher,score,3,0.41354723707664887,0.01896951573421814,"[42, 123, 1107]","[""qwen__mbpp__qv__powerlaw_global_a06__s1107__n2500"", ""qwen__mbpp__qv__powerlaw_global_a06__s123__n2500"", ""qwen__mbpp__qv__powerlaw_global_a06__s42__n2500""]","[""b155f3d5817e620188937179038c6cd518a8410b225e4493d88700cfc14f90c1"", ""c44cf9da81a5e34eeac6e7c11fe6d01cba0b928208e759bddaa8c725587e826b"", ""c587d21ecd501a69781c5c08eaff6d99944f9060a7f5cb2a6b08080606e2f270""]"
downstream_2500step,qwen,sharegpt,peft_default,step_000500,raw_auc500,lower,loss_step,3,496.019019990849,2.8905414533246288,"[42, 123, 1107]","[""qwen__sharegpt__qv__peft_default__s1107__n2500"", ""qwen__sharegpt__qv__peft_default__s123__n2500"", ""qwen__sharegpt__qv__peft_default__s42__n2500""]","[""30419b8299de215b87ddf0571c13fb3faf2052c25eea57b538d9ac16fcac48c1"", ""90eaad360e336bc9068526603bdcd6ea65bd376a4f52e4084d7d1cd5738a597f"", ""c1cd550ec1152857048e3569ff0ebb3b0a5251d5744fe4016f4b9efde9503629""]"
downstream_2500step,qwen,sharegpt,peft_default,step_002500,final_train_loss,lower,loss,3,0.9528120048344135,0.2961305874608478,"[42, 123, 1107]","[""qwen__sharegpt__qv__peft_default__s1107__n2500"", ""qwen__sharegpt__qv__peft_default__s123__n2500"", ""qwen__sharegpt__qv__peft_default__s42__n2500""]","[""30419b8299de215b87ddf0571c13fb3faf2052c25eea57b538d9ac16fcac48c1"", ""90eaad360e336bc9068526603bdcd6ea65bd376a4f52e4084d7d1cd5738a597f"", ""c1cd550ec1152857048e3569ff0ebb3b0a5251d5744fe4016f4b9efde9503629""]"
downstream_2500step,qwen,sharegpt,peft_default,step_002500,heldout_nll,lower,score,3,0.9361504810017186,0.00028268966795828805,"[42, 123, 1107]","[""qwen__sharegpt__qv__peft_default__s1107__n2500"", ""qwen__sharegpt__qv__peft_default__s123__n2500"", ""qwen__sharegpt__qv__peft_default__s42__n2500""]","[""30419b8299de215b87ddf0571c13fb3faf2052c25eea57b538d9ac16fcac48c1"", ""90eaad360e336bc9068526603bdcd6ea65bd376a4f52e4084d7d1cd5738a597f"", ""c1cd550ec1152857048e3569ff0ebb3b0a5251d5744fe4016f4b9efde9503629""]"
downstream_2500step,qwen,sharegpt,peft_default,step_002500,prometheus_absolute_score,higher,score,3,2.504120603015075,0.03400684851341711,"[42, 123, 1107]","[""qwen__sharegpt__qv__peft_default__s1107__n2500"", ""qwen__sharegpt__qv__peft_default__s123__n2500"", ""qwen__sharegpt__qv__peft_default__s42__n2500""]","[""30419b8299de215b87ddf0571c13fb3faf2052c25eea57b538d9ac16fcac48c1"", ""90eaad360e336bc9068526603bdcd6ea65bd376a4f52e4084d7d1cd5738a597f"", ""c1cd550ec1152857048e3569ff0ebb3b0a5251d5744fe4016f4b9efde9503629""]"
downstream_2500step,qwen,sharegpt,peft_default,step_002500,prometheus_judged_samples,higher,score,3,199.66666666666666,0.5773502691896258,"[42, 123, 1107]","[""qwen__sharegpt__qv__peft_default__s1107__n2500"", ""qwen__sharegpt__qv__peft_default__s123__n2500"", ""qwen__sharegpt__qv__peft_default__s42__n2500""]","[""30419b8299de215b87ddf0571c13fb3faf2052c25eea57b538d9ac16fcac48c1"", ""90eaad360e336bc9068526603bdcd6ea65bd376a4f52e4084d7d1cd5738a597f"", ""c1cd550ec1152857048e3569ff0ebb3b0a5251d5744fe4016f4b9efde9503629""]"
downstream_2500step,qwen,sharegpt,peft_default,step_002500,prometheus_unjudgeable_samples,higher,score,3,0.3333333333333333,0.5773502691896258,"[42, 123, 1107]","[""qwen__sharegpt__qv__peft_default__s1107__n2500"", ""qwen__sharegpt__qv__peft_default__s123__n2500"", ""qwen__sharegpt__qv__peft_default__s42__n2500""]","[""30419b8299de215b87ddf0571c13fb3faf2052c25eea57b538d9ac16fcac48c1"", ""90eaad360e336bc9068526603bdcd6ea65bd376a4f52e4084d7d1cd5738a597f"", ""c1cd550ec1152857048e3569ff0ebb3b0a5251d5744fe4016f4b9efde9503629""]"
downstream_2500step,qwen,sharegpt,powerlaw_global_a06,step_000500,raw_auc500,lower,loss_step,3,495.3380306785305,2.8764312201863738,"[42, 123, 1107]","[""qwen__sharegpt__qv__powerlaw_global_a06__s1107__n2500"", ""qwen__sharegpt__qv__powerlaw_global_a06__s123__n2500"", ""qwen__sharegpt__qv__powerlaw_global_a06__s42__n2500""]","[""30470cf67a6f09e0ce6da61a09b37a48959e1fc42569465ccc03577c5d8767f7"", ""894b64e0032627e728d5ddf8f0f65b992d534f675b97d9b964d928025c4d7a1b"", ""b4b2411f85d8d0a5d8c460327062d80fe63dcad5b9c61b3ac9f4298e22ccd5d3""]"
downstream_2500step,qwen,sharegpt,powerlaw_global_a06,step_002500,final_train_loss,lower,loss,3,0.9522502894202868,0.29712990642553755,"[42, 123, 1107]","[""qwen__sharegpt__qv__powerlaw_global_a06__s1107__n2500"", ""qwen__sharegpt__qv__powerlaw_global_a06__s123__n2500"", ""qwen__sharegpt__qv__powerlaw_global_a06__s42__n2500""]","[""30470cf67a6f09e0ce6da61a09b37a48959e1fc42569465ccc03577c5d8767f7"", ""894b64e0032627e728d5ddf8f0f65b992d534f675b97d9b964d928025c4d7a1b"", ""b4b2411f85d8d0a5d8c460327062d80fe63dcad5b9c61b3ac9f4298e22ccd5d3""]"
downstream_2500step,qwen,sharegpt,powerlaw_global_a06,step_002500,heldout_nll,lower,score,3,0.9352533783551111,0.0005287044030676077,"[42, 123, 1107]","[""qwen__sharegpt__qv__powerlaw_global_a06__s1107__n2500"", ""qwen__sharegpt__qv__powerlaw_global_a06__s123__n2500"", ""qwen__sharegpt__qv__powerlaw_global_a06__s42__n2500""]","[""30470cf67a6f09e0ce6da61a09b37a48959e1fc42569465ccc03577c5d8767f7"", ""894b64e0032627e728d5ddf8f0f65b992d534f675b97d9b964d928025c4d7a1b"", ""b4b2411f85d8d0a5d8c460327062d80fe63dcad5b9c61b3ac9f4298e22ccd5d3""]"
downstream_2500step,qwen,sharegpt,powerlaw_global_a06,step_002500,prometheus_absolute_score,higher,score,3,2.5033333333333334,0.06331139971074194,"[42, 123, 1107]","[""qwen__sharegpt__qv__powerlaw_global_a06__s1107__n2500"", ""qwen__sharegpt__qv__powerlaw_global_a06__s123__n2500"", ""qwen__sharegpt__qv__powerlaw_global_a06__s42__n2500""]","[""30470cf67a6f09e0ce6da61a09b37a48959e1fc42569465ccc03577c5d8767f7"", ""894b64e0032627e728d5ddf8f0f65b992d534f675b97d9b964d928025c4d7a1b"", ""b4b2411f85d8d0a5d8c460327062d80fe63dcad5b9c61b3ac9f4298e22ccd5d3""]"
downstream_2500step,qwen,sharegpt,powerlaw_global_a06,step_002500,prometheus_judged_samples,higher,score,3,200.0,0.0,"[42, 123, 1107]","[""qwen__sharegpt__qv__powerlaw_global_a06__s1107__n2500"", ""qwen__sharegpt__qv__powerlaw_global_a06__s123__n2500"", ""qwen__sharegpt__qv__powerlaw_global_a06__s42__n2500""]","[""30470cf67a6f09e0ce6da61a09b37a48959e1fc42569465ccc03577c5d8767f7"", ""894b64e0032627e728d5ddf8f0f65b992d534f675b97d9b964d928025c4d7a1b"", ""b4b2411f85d8d0a5d8c460327062d80fe63dcad5b9c61b3ac9f4298e22ccd5d3""]"
downstream_2500step,qwen,sharegpt,powerlaw_global_a06,step_002500,prometheus_unjudgeable_samples,higher,score,3,0.0,0.0,"[42, 123, 1107]","[""qwen__sharegpt__qv__powerlaw_global_a06__s1107__n2500"", ""qwen__sharegpt__qv__powerlaw_global_a06__s123__n2500"", ""qwen__sharegpt__qv__powerlaw_global_a06__s42__n2500""]","[""30470cf67a6f09e0ce6da61a09b37a48959e1fc42569465ccc03577c5d8767f7"", ""894b64e0032627e728d5ddf8f0f65b992d534f675b97d9b964d928025c4d7a1b"", ""b4b2411f85d8d0a5d8c460327062d80fe63dcad5b9c61b3ac9f4298e22ccd5d3""]"
mechanism_500step,openpangu,cmmlu,fft_white_a0,step_000500,final_train_loss,lower,loss,3,1.2917822028199832,0.06561595310389044,"[42, 123, 1107]","[""openpangu__cmmlu__qv__fft_white_a0__s1107__n500__gradlog"", ""openpangu__cmmlu__qv__fft_white_a0__s123__n500__gradlog"", ""openpangu__cmmlu__qv__fft_white_a0__s42__n500__gradlog""]","[""bce9a23223dd2fc76c08284294b1d78b251e941ab77514ea7c8992ebd2bfd6c7"", ""e36b62e8006dfb92142fd7a8b698d11b9daccd2086e9bd9e6aa9c8a03bcfe5a0"", ""e3edf78133c5a227fe06780adadc3d6bbff021331b51f1638b82ad851fce152d""]"
mechanism_500step,openpangu,cmmlu,fft_white_a0,step_000500,raw_auc500,lower,loss_step,3,970.9493535173436,12.728351400815283,"[42, 123, 1107]","[""openpangu__cmmlu__qv__fft_white_a0__s1107__n500__gradlog"", ""openpangu__cmmlu__qv__fft_white_a0__s123__n500__gradlog"", ""openpangu__cmmlu__qv__fft_white_a0__s42__n500__gradlog""]","[""bce9a23223dd2fc76c08284294b1d78b251e941ab77514ea7c8992ebd2bfd6c7"", ""e36b62e8006dfb92142fd7a8b698d11b9daccd2086e9bd9e6aa9c8a03bcfe5a0"", ""e3edf78133c5a227fe06780adadc3d6bbff021331b51f1638b82ad851fce152d""]"
mechanism_500step,openpangu,cmmlu,iid_matched,step_000500,final_train_loss,lower,loss,3,1.3459191148479779,0.1560695244779254,"[42, 123, 1107]","[""openpangu__cmmlu__qv__iid_matched__s1107__n500__gradlog"", ""openpangu__cmmlu__qv__iid_matched__s123__n500__gradlog"", ""openpangu__cmmlu__qv__iid_matched__s42__n500__gradlog""]","[""25534db98e106bbc52b8733eabc083b4ac559da9928a361a2b077e4c9e39f879"", ""536b49405c5b7a9cbc730b03690fb9d65ccdcdf6906765c2e04bd9b316cf56d4"", ""6653a339ff48557c5f0a4f03502a0405e0746650fbac637413c97edbdeb5642e""]"
mechanism_500step,openpangu,cmmlu,iid_matched,step_000500,raw_auc500,lower,loss_step,3,976.2020748183131,28.012681714491798,"[42, 123, 1107]","[""openpangu__cmmlu__qv__iid_matched__s1107__n500__gradlog"", ""openpangu__cmmlu__qv__iid_matched__s123__n500__gradlog"", ""openpangu__cmmlu__qv__iid_matched__s42__n500__gradlog""]","[""25534db98e106bbc52b8733eabc083b4ac559da9928a361a2b077e4c9e39f879"", ""536b49405c5b7a9cbc730b03690fb9d65ccdcdf6906765c2e04bd9b316cf56d4"", ""6653a339ff48557c5f0a4f03502a0405e0746650fbac637413c97edbdeb5642e""]"
mechanism_500step,openpangu,cmmlu,peft_default,step_000500,final_train_loss,lower,loss,3,1.5500717510779698,0.13366508533420446,"[42, 123, 1107]","[""openpangu__cmmlu__qv__peft_default__s1107__n500__gradlog"", ""openpangu__cmmlu__qv__peft_default__s123__n500__gradlog"", ""openpangu__cmmlu__qv__peft_default__s42__n500__gradlog""]","[""16f4aaee5aac1ae9eb6c1408d561f681ec0920200380d04e8d9f3ddbba5add92"", ""931b0dd4dd1ec9e3171ca743fa9eca8644b568c5c0c6bd1531f72786473b4bb5"", ""9e098ac91915032bb7819f1c0f2b772d0263084c2e6c624d423003e5cd740859""]"
mechanism_500step,openpangu,cmmlu,peft_default,step_000500,raw_auc500,lower,loss_step,3,1062.9494305178523,8.9021012380754,"[42, 123, 1107]","[""openpangu__cmmlu__qv__peft_default__s1107__n500__gradlog"", ""openpangu__cmmlu__qv__peft_default__s123__n500__gradlog"", ""openpangu__cmmlu__qv__peft_default__s42__n500__gradlog""]","[""16f4aaee5aac1ae9eb6c1408d561f681ec0920200380d04e8d9f3ddbba5add92"", ""931b0dd4dd1ec9e3171ca743fa9eca8644b568c5c0c6bd1531f72786473b4bb5"", ""9e098ac91915032bb7819f1c0f2b772d0263084c2e6c624d423003e5cd740859""]"
mechanism_500step,openpangu,cmmlu,powerlaw_col_a06,step_000500,final_train_loss,lower,loss,3,1.314404733479023,0.09697200375484745,"[42, 123, 1107]","[""openpangu__cmmlu__qv__powerlaw_col_a06__s1107__n500__gradlog"", ""openpangu__cmmlu__qv__powerlaw_col_a06__s123__n500__gradlog"", ""openpangu__cmmlu__qv__powerlaw_col_a06__s42__n500__gradlog""]","[""3194f45c5d88902a9d6904cbd0ee8adb5d486bcb05ff3a375e12a3122b66f890"", ""c1f3aaa9ce573e6883109db5e451db376806f2c9fbf963d3effa6275e6c0e6b8"", ""cc7cdc5e787c2eda60e97ef5227e55db574c5dd57acca8e36f8929cf03b9e9ab""]"
mechanism_500step,openpangu,cmmlu,powerlaw_col_a06,step_000500,raw_auc500,lower,loss_step,3,967.0917743965983,14.117942608226262,"[42, 123, 1107]","[""openpangu__cmmlu__qv__powerlaw_col_a06__s1107__n500__gradlog"", ""openpangu__cmmlu__qv__powerlaw_col_a06__s123__n500__gradlog"", ""openpangu__cmmlu__qv__powerlaw_col_a06__s42__n500__gradlog""]","[""3194f45c5d88902a9d6904cbd0ee8adb5d486bcb05ff3a375e12a3122b66f890"", ""c1f3aaa9ce573e6883109db5e451db376806f2c9fbf963d3effa6275e6c0e6b8"", ""cc7cdc5e787c2eda60e97ef5227e55db574c5dd57acca8e36f8929cf03b9e9ab""]"
mechanism_500step,openpangu,cmmlu,powerlaw_global_a03,step_000500,final_train_loss,lower,loss,3,1.365486500163873,0.2254567326836594,"[42, 123, 1107]","[""openpangu__cmmlu__qv__powerlaw_global_a03__s1107__n500__gradlog"", ""openpangu__cmmlu__qv__powerlaw_global_a03__s123__n500__gradlog"", ""openpangu__cmmlu__qv__powerlaw_global_a03__s42__n500__gradlog""]","[""58cd203ec7c96732c8eb1e4c6c638f665aeed097073637db49a95c1e5405a2ff"", ""888220e39a1e3290334df69288a146c5877c6d12bd7155360b6a4bf9ba3cd5af"", ""dd65762ad09500691e1e943bc7c310a9d110a5ed6fdb1c74f183b70f9acda836""]"
mechanism_500step,openpangu,cmmlu,powerlaw_global_a03,step_000500,raw_auc500,lower,loss_step,3,987.0943010598421,24.66043205666005,"[42, 123, 1107]","[""openpangu__cmmlu__qv__powerlaw_global_a03__s1107__n500__gradlog"", ""openpangu__cmmlu__qv__powerlaw_global_a03__s123__n500__gradlog"", ""openpangu__cmmlu__qv__powerlaw_global_a03__s42__n500__gradlog""]","[""58cd203ec7c96732c8eb1e4c6c638f665aeed097073637db49a95c1e5405a2ff"", ""888220e39a1e3290334df69288a146c5877c6d12bd7155360b6a4bf9ba3cd5af"", ""dd65762ad09500691e1e943bc7c310a9d110a5ed6fdb1c74f183b70f9acda836""]"
mechanism_500step,openpangu,cmmlu,powerlaw_global_a06,step_000500,final_train_loss,lower,loss,3,1.3537856712937355,0.09072062687957702,"[42, 123, 1107]","[""openpangu__cmmlu__qv__powerlaw_global_a06__s1107__n500__gradlog"", ""openpangu__cmmlu__qv__powerlaw_global_a06__s123__n500__gradlog"", ""openpangu__cmmlu__qv__powerlaw_global_a06__s42__n500__gradlog""]","[""43dee1f7ac527b7b960701da216f834a7f81338081f50b6fa45113e3f039fd95"", ""af0b3d37bcb17e13b748382d1acc7ec96ac26258092b42f8ced362ff244279b8"", ""cf761015bd6fa3e0b7c291050be395115ef35e0762c457823eb9c3b22ad9da4d""]"
mechanism_500step,openpangu,cmmlu,powerlaw_global_a06,step_000500,raw_auc500,lower,loss_step,3,991.8080915311972,10.039452732896779,"[42, 123, 1107]","[""openpangu__cmmlu__qv__powerlaw_global_a06__s1107__n500__gradlog"", ""openpangu__cmmlu__qv__powerlaw_global_a06__s123__n500__gradlog"", ""openpangu__cmmlu__qv__powerlaw_global_a06__s42__n500__gradlog""]","[""43dee1f7ac527b7b960701da216f834a7f81338081f50b6fa45113e3f039fd95"", ""af0b3d37bcb17e13b748382d1acc7ec96ac26258092b42f8ced362ff244279b8"", ""cf761015bd6fa3e0b7c291050be395115ef35e0762c457823eb9c3b22ad9da4d""]"
mechanism_500step,openpangu,cmmlu,powerlaw_row_a06,step_000500,final_train_loss,lower,loss,3,1.349394641816616,0.08391724280772327,"[42, 123, 1107]","[""openpangu__cmmlu__qv__powerlaw_row_a06__s1107__n500__gradlog"", ""openpangu__cmmlu__qv__powerlaw_row_a06__s123__n500__gradlog"", ""openpangu__cmmlu__qv__powerlaw_row_a06__s42__n500__gradlog""]","[""932cec045d56e0f48e86af1bde266ee16434a29e82ccac66cace25890f987cf6"", ""9548aa499a2a238660ed82acc02648719a987a730ea6462331925c6dbc1ca92b"", ""a0289a31e98b6f6607c5b68df167f034b88ceba2f298c4e009003d0c4752b307""]"
mechanism_500step,openpangu,cmmlu,powerlaw_row_a06,step_000500,raw_auc500,lower,loss_step,3,983.1788106349608,17.073203379909366,"[42, 123, 1107]","[""openpangu__cmmlu__qv__powerlaw_row_a06__s1107__n500__gradlog"", ""openpangu__cmmlu__qv__powerlaw_row_a06__s123__n500__gradlog"", ""openpangu__cmmlu__qv__powerlaw_row_a06__s42__n500__gradlog""]","[""932cec045d56e0f48e86af1bde266ee16434a29e82ccac66cace25890f987cf6"", ""9548aa499a2a238660ed82acc02648719a987a730ea6462331925c6dbc1ca92b"", ""a0289a31e98b6f6607c5b68df167f034b88ceba2f298c4e009003d0c4752b307""]"
mechanism_500step,openpangu,cmmlu,powerlaw_shuffle_a06,step_000500,final_train_loss,lower,loss,3,1.3567945212125778,0.12908304590026254,"[42, 123, 1107]","[""openpangu__cmmlu__qv__powerlaw_shuffle_a06__s1107__n500__gradlog"", ""openpangu__cmmlu__qv__powerlaw_shuffle_a06__s123__n500__gradlog"", ""openpangu__cmmlu__qv__powerlaw_shuffle_a06__s42__n500__gradlog""]","[""59ade3a3e5b3175f466e692936cd3ca4151a67c34a87e9e6d53272cc1986f571"", ""66095d2a7565e1e79567fc3895e814d35b240b41264c6fd835a70a0686cbc11b"", ""f126a36db64ce1f7170ce11c7bdddb76be81280862434901f6b5577af0603e79""]"
mechanism_500step,openpangu,cmmlu,powerlaw_shuffle_a06,step_000500,raw_auc500,lower,loss_step,3,988.6910344126323,9.75970024434502,"[42, 123, 1107]","[""openpangu__cmmlu__qv__powerlaw_shuffle_a06__s1107__n500__gradlog"", ""openpangu__cmmlu__qv__powerlaw_shuffle_a06__s123__n500__gradlog"", ""openpangu__cmmlu__qv__powerlaw_shuffle_a06__s42__n500__gradlog""]","[""59ade3a3e5b3175f466e692936cd3ca4151a67c34a87e9e6d53272cc1986f571"", ""66095d2a7565e1e79567fc3895e814d35b240b41264c6fd835a70a0686cbc11b"", ""f126a36db64ce1f7170ce11c7bdddb76be81280862434901f6b5577af0603e79""]"
mechanism_500step,qwen,cmmlu,fft_white_a0,step_000500,final_train_loss,lower,loss,3,0.9236133433878422,0.14027056417986034,"[42, 123, 1107]","[""qwen__cmmlu__qv__fft_white_a0__s1107__n500__gradlog"", ""qwen__cmmlu__qv__fft_white_a0__s123__n500__gradlog"", ""qwen__cmmlu__qv__fft_white_a0__s42__n500__gradlog""]","[""0dd873a7166b616b401590d65f3f837ff9d3e5fe0e447c850c1b4ff8e0812e2d"", ""4e7dd72ba4dcf616da859a5bb751de3e59d5c8b56a43053d53087c4bd011eee3"", ""f29d8a71b015a05e03828e0929ee22ce216816287489857e8f063f1a705e3544""]"
mechanism_500step,qwen,cmmlu,fft_white_a0,step_000500,raw_auc500,lower,loss_step,3,507.6437917718043,1.9954121347648694,"[42, 123, 1107]","[""qwen__cmmlu__qv__fft_white_a0__s1107__n500__gradlog"", ""qwen__cmmlu__qv__fft_white_a0__s123__n500__gradlog"", ""qwen__cmmlu__qv__fft_white_a0__s42__n500__gradlog""]","[""0dd873a7166b616b401590d65f3f837ff9d3e5fe0e447c850c1b4ff8e0812e2d"", ""4e7dd72ba4dcf616da859a5bb751de3e59d5c8b56a43053d53087c4bd011eee3"", ""f29d8a71b015a05e03828e0929ee22ce216816287489857e8f063f1a705e3544""]"
mechanism_500step,qwen,cmmlu,iid_matched,step_000500,final_train_loss,lower,loss,3,0.9263925937314829,0.13153131797783457,"[42, 123, 1107]","[""qwen__cmmlu__qv__iid_matched__s1107__n500__gradlog"", ""qwen__cmmlu__qv__iid_matched__s123__n500__gradlog"", ""qwen__cmmlu__qv__iid_matched__s42__n500__gradlog""]","[""66d7e70bacd4d52f60c3e09eded409020c721b1bd8594f0f78691253e8df5dc7"", ""8abc35addafc18fdd72adae616c0caeb95259c9b78dbadca5a130d4f256142c9"", ""dba069ca9abbbdaed1d2094772687f98f89dabbe2d26c2ebacb86b309edbd2e7""]"
mechanism_500step,qwen,cmmlu,iid_matched,step_000500,raw_auc500,lower,loss_step,3,508.1489608107756,3.1184533540693975,"[42, 123, 1107]","[""qwen__cmmlu__qv__iid_matched__s1107__n500__gradlog"", ""qwen__cmmlu__qv__iid_matched__s123__n500__gradlog"", ""qwen__cmmlu__qv__iid_matched__s42__n500__gradlog""]","[""66d7e70bacd4d52f60c3e09eded409020c721b1bd8594f0f78691253e8df5dc7"", ""8abc35addafc18fdd72adae616c0caeb95259c9b78dbadca5a130d4f256142c9"", ""dba069ca9abbbdaed1d2094772687f98f89dabbe2d26c2ebacb86b309edbd2e7""]"
mechanism_500step,qwen,cmmlu,peft_default,step_000500,final_train_loss,lower,loss,3,0.9972306241591772,0.13818961125630363,"[42, 123, 1107]","[""qwen__cmmlu__qv__peft_default__s1107__n500__gradlog"", ""qwen__cmmlu__qv__peft_default__s123__n500__gradlog"", ""qwen__cmmlu__qv__peft_default__s42__n500__gradlog""]","[""91ad8813205f2b9544618f4bc783c2e5b5bae81bb45274050d026dd2b18df212"", ""b37efb0814b079467566e1dd271d3f285264f9af7253c6ee37417e72a3d11042"", ""f8a288719893837b53d79f3c783c0cfc5c8188b1c04976d7198a7744732b4861""]"
mechanism_500step,qwen,cmmlu,peft_default,step_000500,raw_auc500,lower,loss_step,3,533.7503174450248,0.4828717929309584,"[42, 123, 1107]","[""qwen__cmmlu__qv__peft_default__s1107__n500__gradlog"", ""qwen__cmmlu__qv__peft_default__s123__n500__gradlog"", ""qwen__cmmlu__qv__peft_default__s42__n500__gradlog""]","[""91ad8813205f2b9544618f4bc783c2e5b5bae81bb45274050d026dd2b18df212"", ""b37efb0814b079467566e1dd271d3f285264f9af7253c6ee37417e72a3d11042"", ""f8a288719893837b53d79f3c783c0cfc5c8188b1c04976d7198a7744732b4861""]"
mechanism_500step,qwen,cmmlu,powerlaw_col_a06,step_000500,final_train_loss,lower,loss,3,0.9196206169823805,0.12512376284842766,"[42, 123, 1107]","[""qwen__cmmlu__qv__powerlaw_col_a06__s1107__n500__gradlog"", ""qwen__cmmlu__qv__powerlaw_col_a06__s123__n500__gradlog"", ""qwen__cmmlu__qv__powerlaw_col_a06__s42__n500__gradlog""]","[""12f27fc941c1e5985157aed2d4de1ce5a1c4da7860dfd5593b7d0eb57b2242cc"", ""2e131bf2071554051fef290d84f12117542591897bccff376dd0c48a082972c2"", ""479b32627894a1cb2fa263a0c4653dfa149c811381ef5386dfd361c4ef80a7b7""]"
mechanism_500step,qwen,cmmlu,powerlaw_col_a06,step_000500,raw_auc500,lower,loss_step,3,505.56287291583914,1.9106164617709414,"[42, 123, 1107]","[""qwen__cmmlu__qv__powerlaw_col_a06__s1107__n500__gradlog"", ""qwen__cmmlu__qv__powerlaw_col_a06__s123__n500__gradlog"", ""qwen__cmmlu__qv__powerlaw_col_a06__s42__n500__gradlog""]","[""12f27fc941c1e5985157aed2d4de1ce5a1c4da7860dfd5593b7d0eb57b2242cc"", ""2e131bf2071554051fef290d84f12117542591897bccff376dd0c48a082972c2"", ""479b32627894a1cb2fa263a0c4653dfa149c811381ef5386dfd361c4ef80a7b7""]"
mechanism_500step,qwen,cmmlu,powerlaw_global_a03,step_000500,final_train_loss,lower,loss,3,0.9277679969867071,0.12671570568479928,"[42, 123, 1107]","[""qwen__cmmlu__qv__powerlaw_global_a03__s1107__n500__gradlog"", ""qwen__cmmlu__qv__powerlaw_global_a03__s123__n500__gradlog"", ""qwen__cmmlu__qv__powerlaw_global_a03__s42__n500__gradlog""]","[""21fd4c7bea378234d779181c4146501764c9605d074669b134c32981da1114f5"", ""4ea09e338a03aebffbca9eacd5e146635c731c4aa1de783f5903c0ce72978aae"", ""e95bdc2441c88b8bd09c8c4af3a2e1d5219839588e34146508b66f4f48f4b3ed""]"
mechanism_500step,qwen,cmmlu,powerlaw_global_a03,step_000500,raw_auc500,lower,loss_step,3,507.0971216807763,1.6707469390951974,"[42, 123, 1107]","[""qwen__cmmlu__qv__powerlaw_global_a03__s1107__n500__gradlog"", ""qwen__cmmlu__qv__powerlaw_global_a03__s123__n500__gradlog"", ""qwen__cmmlu__qv__powerlaw_global_a03__s42__n500__gradlog""]","[""21fd4c7bea378234d779181c4146501764c9605d074669b134c32981da1114f5"", ""4ea09e338a03aebffbca9eacd5e146635c731c4aa1de783f5903c0ce72978aae"", ""e95bdc2441c88b8bd09c8c4af3a2e1d5219839588e34146508b66f4f48f4b3ed""]"
mechanism_500step,qwen,cmmlu,powerlaw_global_a06,step_000500,final_train_loss,lower,loss,3,0.9220670834183693,0.13754552562107483,"[42, 123, 1107]","[""qwen__cmmlu__qv__powerlaw_global_a06__s1107__n500__gradlog"", ""qwen__cmmlu__qv__powerlaw_global_a06__s123__n500__gradlog"", ""qwen__cmmlu__qv__powerlaw_global_a06__s42__n500__gradlog""]","[""3661da09ef1ae9ca630a25193e02ff38eb10ace7d4d74f41720e0d1bb071196d"", ""4a2c3f41c756cfd29834719737deb836410db814280b129da969b9b2f199f364"", ""d08f2fb77e9d08d6e3958abac2ae478100d56ada884df3b0f10c34203a637e4f""]"
mechanism_500step,qwen,cmmlu,powerlaw_global_a06,step_000500,raw_auc500,lower,loss_step,3,506.49915673521656,2.5510951636617203,"[42, 123, 1107]","[""qwen__cmmlu__qv__powerlaw_global_a06__s1107__n500__gradlog"", ""qwen__cmmlu__qv__powerlaw_global_a06__s123__n500__gradlog"", ""qwen__cmmlu__qv__powerlaw_global_a06__s42__n500__gradlog""]","[""3661da09ef1ae9ca630a25193e02ff38eb10ace7d4d74f41720e0d1bb071196d"", ""4a2c3f41c756cfd29834719737deb836410db814280b129da969b9b2f199f364"", ""d08f2fb77e9d08d6e3958abac2ae478100d56ada884df3b0f10c34203a637e4f""]"
mechanism_500step,qwen,cmmlu,powerlaw_row_a06,step_000500,final_train_loss,lower,loss,3,0.9262613927324613,0.1271578804706599,"[42, 123, 1107]","[""qwen__cmmlu__qv__powerlaw_row_a06__s1107__n500__gradlog"", ""qwen__cmmlu__qv__powerlaw_row_a06__s123__n500__gradlog"", ""qwen__cmmlu__qv__powerlaw_row_a06__s42__n500__gradlog""]","[""35b5749261c31cd0faa03d18077aa5d5536560bfb3e1b30eee52377f91304227"", ""97bfe96de7547ff4fc5bfd701737c621e2ef29b48ae31d6d45211e25ab5ef49f"", ""c7b486af18ecbe7a37663cddbb681c203023c2e6c72bb2e0b400b9a9b8183cf5""]"
mechanism_500step,qwen,cmmlu,powerlaw_row_a06,step_000500,raw_auc500,lower,loss_step,3,505.36005513307947,4.932990845854242,"[42, 123, 1107]","[""qwen__cmmlu__qv__powerlaw_row_a06__s1107__n500__gradlog"", ""qwen__cmmlu__qv__powerlaw_row_a06__s123__n500__gradlog"", ""qwen__cmmlu__qv__powerlaw_row_a06__s42__n500__gradlog""]","[""35b5749261c31cd0faa03d18077aa5d5536560bfb3e1b30eee52377f91304227"", ""97bfe96de7547ff4fc5bfd701737c621e2ef29b48ae31d6d45211e25ab5ef49f"", ""c7b486af18ecbe7a37663cddbb681c203023c2e6c72bb2e0b400b9a9b8183cf5""]"
mechanism_500step,qwen,cmmlu,powerlaw_shuffle_a06,step_000500,final_train_loss,lower,loss,3,0.9158976785838604,0.13650441515589312,"[42, 123, 1107]","[""qwen__cmmlu__qv__powerlaw_shuffle_a06__s1107__n500__gradlog"", ""qwen__cmmlu__qv__powerlaw_shuffle_a06__s123__n500__gradlog"", ""qwen__cmmlu__qv__powerlaw_shuffle_a06__s42__n500__gradlog""]","[""032824d4ca8cf22c6c50abd99fe57803b1888577c577bf21b53eb908da3d7249"", ""3355413958cf0d4de1442951dbbbc35873f8eb1f0d476c8dc277f32052caab5c"", ""ddde783ca875ef5185b676539ec9892d0902d5abf4ce5304aa7f8f2b1e1ded37""]"
mechanism_500step,qwen,cmmlu,powerlaw_shuffle_a06,step_000500,raw_auc500,lower,loss_step,3,506.0312834363431,0.44956930989413996,"[42, 123, 1107]","[""qwen__cmmlu__qv__powerlaw_shuffle_a06__s1107__n500__gradlog"", ""qwen__cmmlu__qv__powerlaw_shuffle_a06__s123__n500__gradlog"", ""qwen__cmmlu__qv__powerlaw_shuffle_a06__s42__n500__gradlog""]","[""032824d4ca8cf22c6c50abd99fe57803b1888577c577bf21b53eb908da3d7249"", ""3355413958cf0d4de1442951dbbbc35873f8eb1f0d476c8dc277f32052caab5c"", ""ddde783ca875ef5185b676539ec9892d0902d5abf4ce5304aa7f8f2b1e1ded37""]"
scope_all_linear,openpangu,cmmlu,iid_matched,step_000500,raw_auc500,lower,loss_step,3,500.15263620375964,7.556513029341757,"[42, 123, 1107]","[""openpangu__cmmlu__all_linear__iid_matched__s1107__n2500"", ""openpangu__cmmlu__all_linear__iid_matched__s123__n2500"", ""openpangu__cmmlu__all_linear__iid_matched__s42__n2500""]","[""5333378816d274d62f8066d3025afefe4ab5726024d50e102be3967aafc8b08a"", ""dc30c7feb9de5f36ed143fb9bcf632074eb95643e3c45a8baf23fd2aa9c3d789"", ""e1ee4af1f394b431972d392210af425215629f9cb026000cb421c7ec3ee542b9""]"
scope_all_linear,openpangu,cmmlu,iid_matched,step_002500,final_train_loss,lower,loss,3,0.1464236763616403,0.023143346158219228,"[42, 123, 1107]","[""openpangu__cmmlu__all_linear__iid_matched__s1107__n2500"", ""openpangu__cmmlu__all_linear__iid_matched__s123__n2500"", ""openpangu__cmmlu__all_linear__iid_matched__s42__n2500""]","[""5333378816d274d62f8066d3025afefe4ab5726024d50e102be3967aafc8b08a"", ""dc30c7feb9de5f36ed143fb9bcf632074eb95643e3c45a8baf23fd2aa9c3d789"", ""e1ee4af1f394b431972d392210af425215629f9cb026000cb421c7ec3ee542b9""]"
scope_all_linear,openpangu,cmmlu,iid_matched,step_002500,macro_accuracy,higher,score,3,0.5737327629771566,0.00396452695482522,"[42, 123, 1107]","[""openpangu__cmmlu__all_linear__iid_matched__s1107__n2500"", ""openpangu__cmmlu__all_linear__iid_matched__s123__n2500"", ""openpangu__cmmlu__all_linear__iid_matched__s42__n2500""]","[""5333378816d274d62f8066d3025afefe4ab5726024d50e102be3967aafc8b08a"", ""dc30c7feb9de5f36ed143fb9bcf632074eb95643e3c45a8baf23fd2aa9c3d789"", ""e1ee4af1f394b431972d392210af425215629f9cb026000cb421c7ec3ee542b9""]"
scope_all_linear,openpangu,cmmlu,peft_default,step_000500,raw_auc500,lower,loss_step,3,536.226325848295,28.241331488640245,"[42, 123, 1107]","[""openpangu__cmmlu__all_linear__peft_default__s1107__n2500"", ""openpangu__cmmlu__all_linear__peft_default__s123__n2500"", ""openpangu__cmmlu__all_linear__peft_default__s42__n2500""]","[""94f0b43d76df75ab031b1f55ff9d0773d2df95b5b856003d96af16514d46bbd0"", ""ec070ea5de3c835faca60676fca30ec0c65e51a917045f3cb861d06f6a41e07d"", ""f35d4730eb548dc9b5fa17122eaa24d07014cbc63a6491cfb5984ef1b0e9f460""]"
scope_all_linear,openpangu,cmmlu,peft_default,step_002500,final_train_loss,lower,loss,3,0.14237595784167448,0.015195856221909762,"[42, 123, 1107]","[""openpangu__cmmlu__all_linear__peft_default__s1107__n2500"", ""openpangu__cmmlu__all_linear__peft_default__s123__n2500"", ""openpangu__cmmlu__all_linear__peft_default__s42__n2500""]","[""94f0b43d76df75ab031b1f55ff9d0773d2df95b5b856003d96af16514d46bbd0"", ""ec070ea5de3c835faca60676fca30ec0c65e51a917045f3cb861d06f6a41e07d"", ""f35d4730eb548dc9b5fa17122eaa24d07014cbc63a6491cfb5984ef1b0e9f460""]"
scope_all_linear,openpangu,cmmlu,peft_default,step_002500,macro_accuracy,higher,score,3,0.5640824244019882,0.01766646201290001,"[42, 123, 1107]","[""openpangu__cmmlu__all_linear__peft_default__s1107__n2500"", ""openpangu__cmmlu__all_linear__peft_default__s123__n2500"", ""openpangu__cmmlu__all_linear__peft_default__s42__n2500""]","[""94f0b43d76df75ab031b1f55ff9d0773d2df95b5b856003d96af16514d46bbd0"", ""ec070ea5de3c835faca60676fca30ec0c65e51a917045f3cb861d06f6a41e07d"", ""f35d4730eb548dc9b5fa17122eaa24d07014cbc63a6491cfb5984ef1b0e9f460""]"
scope_all_linear,openpangu,cmmlu,powerlaw_global_a06,step_000500,raw_auc500,lower,loss_step,3,506.97029111736146,11.565009573343223,"[42, 123, 1107]","[""openpangu__cmmlu__all_linear__powerlaw_global_a06__s1107__n2500"", ""openpangu__cmmlu__all_linear__powerlaw_global_a06__s123__n2500"", ""openpangu__cmmlu__all_linear__powerlaw_global_a06__s42__n2500""]","[""00dd43079e7ac2ecb2972ab82e2925989532eb85ff8f9c6876345d0e7f70b463"", ""0fc40c9b1b6b1814d8fffaaa79f58ae100d2df0031a1732d5f1224df69dbee84"", ""9e7ef6b2a0782669f51084f2dacc6b0d5161ee7a91c6a9b51ba2b3ab3afcfaba""]"
scope_all_linear,openpangu,cmmlu,powerlaw_global_a06,step_002500,final_train_loss,lower,loss,3,0.1417280143747727,0.016173010112714922,"[42, 123, 1107]","[""openpangu__cmmlu__all_linear__powerlaw_global_a06__s1107__n2500"", ""openpangu__cmmlu__all_linear__powerlaw_global_a06__s123__n2500"", ""openpangu__cmmlu__all_linear__powerlaw_global_a06__s42__n2500""]","[""00dd43079e7ac2ecb2972ab82e2925989532eb85ff8f9c6876345d0e7f70b463"", ""0fc40c9b1b6b1814d8fffaaa79f58ae100d2df0031a1732d5f1224df69dbee84"", ""9e7ef6b2a0782669f51084f2dacc6b0d5161ee7a91c6a9b51ba2b3ab3afcfaba""]"
scope_all_linear,openpangu,cmmlu,powerlaw_global_a06,step_002500,macro_accuracy,higher,score,3,0.5720773393831308,0.0033153085144900867,"[42, 123, 1107]","[""openpangu__cmmlu__all_linear__powerlaw_global_a06__s1107__n2500"", ""openpangu__cmmlu__all_linear__powerlaw_global_a06__s123__n2500"", ""openpangu__cmmlu__all_linear__powerlaw_global_a06__s42__n2500""]","[""00dd43079e7ac2ecb2972ab82e2925989532eb85ff8f9c6876345d0e7f70b463"", ""0fc40c9b1b6b1814d8fffaaa79f58ae100d2df0031a1732d5f1224df69dbee84"", ""9e7ef6b2a0782669f51084f2dacc6b0d5161ee7a91c6a9b51ba2b3ab3afcfaba""]"
scope_long_run,openpangu,cmmlu,iid_matched,step_000500,macro_accuracy,higher,score,1,0.5044510484328794,,[1107],"[""openpangu__cmmlu__qv__iid_matched__s1107__n10000""]","[""72da5320611f9f13ceac8a28aa3113a06fd6b39147ec3ac0c70f060e06b424f7""]"
scope_long_run,openpangu,cmmlu,iid_matched,step_000500,raw_auc500,lower,loss_step,1,940.7231606449932,,[1107],"[""openpangu__cmmlu__qv__iid_matched__s1107__n10000""]","[""72da5320611f9f13ceac8a28aa3113a06fd6b39147ec3ac0c70f060e06b424f7""]"
scope_long_run,openpangu,cmmlu,iid_matched,step_002500,macro_accuracy,higher,score,1,0.4985454892831422,,[1107],"[""openpangu__cmmlu__qv__iid_matched__s1107__n10000""]","[""72da5320611f9f13ceac8a28aa3113a06fd6b39147ec3ac0c70f060e06b424f7""]"
scope_long_run,openpangu,cmmlu,iid_matched,step_010000,final_train_loss,lower,loss,1,0.1434508804231882,,[1107],"[""openpangu__cmmlu__qv__iid_matched__s1107__n10000""]","[""72da5320611f9f13ceac8a28aa3113a06fd6b39147ec3ac0c70f060e06b424f7""]"
scope_long_run,openpangu,cmmlu,iid_matched,step_010000,macro_accuracy,higher,score,1,0.4964737725121845,,[1107],"[""openpangu__cmmlu__qv__iid_matched__s1107__n10000""]","[""72da5320611f9f13ceac8a28aa3113a06fd6b39147ec3ac0c70f060e06b424f7""]"
scope_long_run,openpangu,cmmlu,peft_default,step_000500,macro_accuracy,higher,score,1,0.5007613219802882,,[1107],"[""openpangu__cmmlu__qv__peft_default__s1107__n10000""]","[""7c7bcb15de97d7e00e097663c9ddd935294b56a35429f7cc8697e7e51dab6b7b""]"
scope_long_run,openpangu,cmmlu,peft_default,step_000500,raw_auc500,lower,loss_step,1,1002.5123209021986,,[1107],"[""openpangu__cmmlu__qv__peft_default__s1107__n10000""]","[""7c7bcb15de97d7e00e097663c9ddd935294b56a35429f7cc8697e7e51dab6b7b""]"
scope_long_run,openpangu,cmmlu,peft_default,step_002500,macro_accuracy,higher,score,1,0.46395023610043923,,[1107],"[""openpangu__cmmlu__qv__peft_default__s1107__n10000""]","[""7c7bcb15de97d7e00e097663c9ddd935294b56a35429f7cc8697e7e51dab6b7b""]"
scope_long_run,openpangu,cmmlu,peft_default,step_010000,final_train_loss,lower,loss,1,0.14582046121358871,,[1107],"[""openpangu__cmmlu__qv__peft_default__s1107__n10000""]","[""7c7bcb15de97d7e00e097663c9ddd935294b56a35429f7cc8697e7e51dab6b7b""]"
scope_long_run,openpangu,cmmlu,peft_default,step_010000,macro_accuracy,higher,score,1,0.47416484078664595,,[1107],"[""openpangu__cmmlu__qv__peft_default__s1107__n10000""]","[""7c7bcb15de97d7e00e097663c9ddd935294b56a35429f7cc8697e7e51dab6b7b""]"
scope_long_run,openpangu,cmmlu,powerlaw_global_a06,step_000500,macro_accuracy,higher,score,1,0.4996456611174938,,[1107],"[""openpangu__cmmlu__qv__powerlaw_global_a06__s1107__n10000""]","[""01c1b11f07a1c271bc8314920d172eb7a29e1c0935855a1f5238bbb89816fddd""]"
scope_long_run,openpangu,cmmlu,powerlaw_global_a06,step_000500,raw_auc500,lower,loss_step,1,939.5861312747002,,[1107],"[""openpangu__cmmlu__qv__powerlaw_global_a06__s1107__n10000""]","[""01c1b11f07a1c271bc8314920d172eb7a29e1c0935855a1f5238bbb89816fddd""]"
scope_long_run,openpangu,cmmlu,powerlaw_global_a06,step_002500,macro_accuracy,higher,score,1,0.505741546960816,,[1107],"[""openpangu__cmmlu__qv__powerlaw_global_a06__s1107__n10000""]","[""01c1b11f07a1c271bc8314920d172eb7a29e1c0935855a1f5238bbb89816fddd""]"
scope_long_run,openpangu,cmmlu,powerlaw_global_a06,step_010000,final_train_loss,lower,loss,1,0.14417725428938866,,[1107],"[""openpangu__cmmlu__qv__powerlaw_global_a06__s1107__n10000""]","[""01c1b11f07a1c271bc8314920d172eb7a29e1c0935855a1f5238bbb89816fddd""]"
scope_long_run,openpangu,cmmlu,powerlaw_global_a06,step_010000,macro_accuracy,higher,score,1,0.5073770990532855,,[1107],"[""openpangu__cmmlu__qv__powerlaw_global_a06__s1107__n10000""]","[""01c1b11f07a1c271bc8314920d172eb7a29e1c0935855a1f5238bbb89816fddd""]"
