method,seed,rows,columns,mean,std,variance,frobenius_norm,spectral_norm,max_abs,skewness,kurtosis,psd_slope,psd_alpha,psd_r_squared
iid_matched,1107,16,4096,1.5279510989785194e-10,0.022054051980376244,0.0004863812355324626,5.645837783813477,1.4882949590682983,0.09462685137987137,0.00758352829143405,0.0010609626770019531,0.005893284714814787,-0.005893284714814787,0.00828085555742486
iid_matched,123,16,4096,-8.640199666842818e-11,0.022054053843021393,0.00048638132284395397,5.645837783813477,1.4945050477981567,0.09740594029426575,0.0018257792107760906,0.010688066482543945,0.01301743509847151,-0.01301743509847151,0.023512790105860826
iid_matched,42,16,4096,1.482476363889873e-10,0.022054053843021393,0.0004863812937401235,5.645838260650635,1.474753737449646,0.1101490780711174,0.00414707837626338,0.02700662612915039,0.048974345299158555,-0.048974345299158555,0.21281487365944196
fft_white_a0,1107,16,4096,0.0,0.022054053843021393,0.00048638126463629305,5.645836353302002,1.4908314943313599,0.09292658418416977,0.005480379331856966,-0.010464191436767578,0.013567291181736316,-0.013567291181736316,0.28076593477672795
fft_white_a0,123,16,4096,0.0,0.022054053843021393,0.00048638132284395397,5.645839214324951,1.4835258722305298,0.0945381373167038,0.0028966206591576338,-0.010211467742919922,-0.0008922439103929597,0.0008922439103929597,0.0021153421305579734
fft_white_a0,42,16,4096,1.0913936421275139e-11,0.022054053843021393,0.0004863812937401235,5.64583683013916,1.4813377857208252,0.09542921185493469,0.007871708832681179,-0.006834506988525391,-0.0034740792058881695,0.0034740792058881695,0.0230025979689249
powerlaw_global_a03,1107,16,4096,-2.9103830456733704e-11,0.022054053843021393,0.00048638126463629305,5.645834922790527,1.4908870458602905,0.09132732450962067,0.0051597412675619125,-0.006093263626098633,-0.28944879167346454,0.28944879167346454,0.9940860939804751
powerlaw_global_a03,123,16,4096,-2.9103830456733704e-11,0.022054055705666542,0.0004863813519477844,5.645837306976318,1.4891732931137085,0.09444338083267212,0.007531972602009773,-0.00564885139465332,-0.30379120698471157,0.30379120698471157,0.9959611680132063
powerlaw_global_a03,42,16,4096,2.9103830456733704e-11,0.022054053843021393,0.0004863812937401235,5.6458353996276855,1.4879313707351685,0.09150773286819458,0.00988046545535326,-0.017202377319335938,-0.3064874162324787,0.3064874162324787,0.9946548646828298
powerlaw_global_a06,1107,16,4096,0.0,0.022054053843021393,0.00048638126463629305,5.64583683013916,1.6598658561706543,0.09011007845401764,0.010032249614596367,-0.006024360656738281,-0.593961282797311,0.593961282797311,0.9984513337576194
powerlaw_global_a06,123,16,4096,0.0,0.022054053843021393,0.0004863812937401235,5.645837783813477,1.6254130601882935,0.09501264244318008,0.0177482720464468,-0.006612062454223633,-0.6081424055235146,0.6081424055235146,0.9989745679652478
powerlaw_global_a06,42,16,4096,0.0,0.022054053843021393,0.00048638132284395397,5.645838260650635,1.658886194229126,0.09198746830224991,0.008443441241979599,-0.028195619583129883,-0.610983267252057,0.610983267252057,0.9986444742537897
powerlaw_global_a10,1107,16,4096,2.3283064365386963e-10,0.022054055705666542,0.0004863813519477844,5.6458353996276855,2.9716200828552246,0.08798808604478836,0.09410350769758224,-0.06856536865234375,-1.0024282099600754,1.0024282099600754,0.9993285500302085
powerlaw_global_a10,123,16,4096,0.0,0.022054055705666542,0.0004863813519477844,5.645838260650635,2.8561785221099854,0.0888136625289917,0.06019294261932373,-0.11126542091369629,-1.0162972832483108,1.0162972832483108,0.9995940773631384
powerlaw_global_a10,42,16,4096,2.3283064365386963e-10,0.022054053843021393,0.0004863812937401235,5.64583683013916,2.9579505920410156,0.08978823572397232,-0.006984461564570665,-0.11578726768493652,-1.0193909644242343,1.0193909644242343,0.9994696503799078
powerlaw_shuffle_a06,1107,16,4096,-1.8189894035458565e-11,0.022054053843021393,0.0004863812937401235,5.645835876464844,1.4887621402740479,0.09011007845401764,0.010032243095338345,-0.006024599075317383,0.02339425493909639,-0.02339425493909639,0.06939544084299898
powerlaw_shuffle_a06,123,16,4096,-2.9103830456733704e-11,0.022054053843021393,0.0004863812937401235,5.645836353302002,1.4963792562484741,0.09501264244318008,0.01774827018380165,-0.006612062454223633,-0.040839022545920624,0.040839022545920624,0.27250307245988736
powerlaw_shuffle_a06,42,16,4096,7.275957614183426e-12,0.022054053843021393,0.0004863812937401235,5.645836353302002,1.505293369293213,0.09198746830224991,0.00844343937933445,-0.02819514274597168,0.0005300337035092652,-0.0005300337035092652,7.101520095353919e-05
powerlaw_row_a06,1107,16,4096,1.2732925824820995e-11,0.022054053843021393,0.0004863812937401235,5.64583683013916,1.5608199834823608,0.1004173532128334,0.0019495664164423943,-0.003465414047241211,-0.6042706661733613,0.6042706661733613,0.9963546974636575
powerlaw_row_a06,123,16,4096,-1.4551915228366852e-11,0.022054053843021393,0.0004863812937401235,5.645835876464844,1.5572737455368042,0.09443260729312897,0.012266132049262524,-0.04129672050476074,-0.6134333251962764,0.6134333251962764,0.9976277643947562
powerlaw_row_a06,42,16,4096,1.2732925824820995e-11,0.022054053843021393,0.0004863812937401235,5.645836353302002,1.6005816459655762,0.09798415005207062,-0.008482842706143856,-0.027565717697143555,-0.6143548330180335,0.6143548330180335,0.9987393869431882
powerlaw_col_a06,1107,16,4096,-2.546585164964199e-11,0.022054053843021393,0.0004863812937401235,5.645837783813477,2.089947462081909,0.07603122293949127,0.006653923541307449,-0.26331400871276855,0.01183566437734661,-0.01183566437734661,0.022351559441703972
powerlaw_col_a06,123,16,4096,0.0,0.022054053843021393,0.00048638132284395397,5.645837306976318,2.091876745223999,0.08006075769662857,0.006697425618767738,-0.23311972618103027,0.0033619765085496573,-0.0033619765085496573,0.0014884186194215054
powerlaw_col_a06,42,16,4096,7.275957614183426e-12,0.022054053843021393,0.00048638132284395397,5.645838260650635,2.082231044769287,0.07561258226633072,0.011431953869760036,-0.2481672763824463,0.006931692828743864,-0.006931692828743864,0.014842825094662726
