model,task,seed,batch,method,loss
openpangu,gsm8k,1107,0,base,3.671146869659424
openpangu,gsm8k,1107,1,base,3.7457563877105713
openpangu,gsm8k,1107,2,base,3.1277995109558105
openpangu,gsm8k,1107,3,base,2.1415536403656006
openpangu,gsm8k,1107,4,base,3.3127057552337646
openpangu,gsm8k,1107,5,base,2.9659745693206787
openpangu,gsm8k,1107,6,base,2.83516526222229
openpangu,gsm8k,1107,7,base,2.854264974594116
openpangu,gsm8k,1107,8,base,3.279109477996826
openpangu,gsm8k,1107,9,base,2.494776964187622
openpangu,gsm8k,1107,10,base,2.6988470554351807
openpangu,gsm8k,1107,11,base,2.5692474842071533
openpangu,gsm8k,1107,12,base,3.309849262237549
openpangu,gsm8k,1107,13,base,3.337986469268799
openpangu,gsm8k,1107,14,base,2.6711082458496094
openpangu,gsm8k,1107,15,base,2.7724609375
openpangu,gsm8k,1107,16,base,3.3978750705718994
openpangu,gsm8k,1107,17,base,2.274819850921631
openpangu,gsm8k,1107,18,base,2.2515337467193604
openpangu,gsm8k,1107,19,base,2.981741428375244
openpangu,gsm8k,1107,20,base,2.6544852256774902
openpangu,gsm8k,1107,21,base,2.201997756958008
openpangu,gsm8k,1107,22,base,2.834113359451294
openpangu,gsm8k,1107,23,base,2.376223564147949
openpangu,gsm8k,1107,24,base,3.5868778228759766
openpangu,gsm8k,1107,25,base,2.9553444385528564
openpangu,gsm8k,1107,26,base,3.348092794418335
openpangu,gsm8k,1107,27,base,3.0424277782440186
openpangu,gsm8k,1107,28,base,2.4699490070343018
openpangu,gsm8k,1107,29,base,1.9463410377502441
openpangu,gsm8k,1107,30,base,2.6472346782684326
openpangu,gsm8k,1107,31,base,2.1255764961242676
openpangu,gsm8k,1107,32,base,2.7240593433380127
openpangu,gsm8k,1107,33,base,2.293443441390991
openpangu,gsm8k,1107,34,base,3.1097726821899414
openpangu,gsm8k,1107,35,base,3.764979124069214
openpangu,gsm8k,1107,36,base,3.154252529144287
openpangu,gsm8k,1107,37,base,2.326284885406494
openpangu,gsm8k,1107,38,base,3.965989112854004
openpangu,gsm8k,1107,39,base,2.3423261642456055
openpangu,gsm8k,1107,40,base,2.5998623371124268
openpangu,gsm8k,1107,41,base,2.8869996070861816
openpangu,gsm8k,1107,42,base,2.7753915786743164
openpangu,gsm8k,1107,43,base,2.3866117000579834
openpangu,gsm8k,1107,44,base,2.8031861782073975
openpangu,gsm8k,1107,45,base,2.237367868423462
openpangu,gsm8k,1107,46,base,2.134387969970703
openpangu,gsm8k,1107,47,base,2.812311887741089
openpangu,gsm8k,1107,48,base,3.775430917739868
openpangu,gsm8k,1107,49,base,4.103571891784668
openpangu,gsm8k,1107,50,base,2.7683651447296143
openpangu,gsm8k,1107,51,base,2.2411067485809326
openpangu,gsm8k,1107,52,base,3.115994930267334
openpangu,gsm8k,1107,53,base,1.984717845916748
openpangu,gsm8k,1107,54,base,2.8696444034576416
openpangu,gsm8k,1107,55,base,2.2698235511779785
openpangu,gsm8k,1107,56,base,2.8257970809936523
openpangu,gsm8k,1107,57,base,1.952062726020813
openpangu,gsm8k,1107,58,base,2.430039882659912
openpangu,gsm8k,1107,59,base,2.9111104011535645
openpangu,gsm8k,1107,60,base,2.578998327255249
openpangu,gsm8k,1107,61,base,2.762507915496826
openpangu,gsm8k,1107,62,base,2.7267911434173584
openpangu,gsm8k,1107,63,base,2.8853790760040283
openpangu,gsm8k,1107,64,base,2.9387340545654297
openpangu,gsm8k,1107,65,base,3.170318603515625
openpangu,gsm8k,1107,66,base,2.738248348236084
openpangu,gsm8k,1107,67,base,2.477663993835449
openpangu,gsm8k,1107,68,base,3.1539416313171387
openpangu,gsm8k,1107,69,base,3.0492286682128906
openpangu,gsm8k,1107,70,base,4.109864711761475
openpangu,gsm8k,1107,71,base,3.107389211654663
openpangu,gsm8k,1107,72,base,2.5927605628967285
openpangu,gsm8k,1107,73,base,3.732570171356201
openpangu,gsm8k,1107,74,base,2.4972083568573
openpangu,gsm8k,1107,75,base,2.258718490600586
openpangu,gsm8k,1107,76,base,2.973419189453125
openpangu,gsm8k,1107,77,base,3.294238805770874
openpangu,gsm8k,1107,78,base,3.5538241863250732
openpangu,gsm8k,1107,79,base,3.6025497913360596
openpangu,gsm8k,1107,80,base,3.0006887912750244
openpangu,gsm8k,1107,81,base,1.9765843152999878
openpangu,gsm8k,1107,82,base,3.2369532585144043
openpangu,gsm8k,1107,83,base,2.583688259124756
openpangu,gsm8k,1107,84,base,4.499544143676758
openpangu,gsm8k,1107,85,base,3.2304792404174805
openpangu,gsm8k,1107,86,base,3.9264044761657715
openpangu,gsm8k,1107,87,base,3.466071128845215
openpangu,gsm8k,1107,88,base,4.266677379608154
openpangu,gsm8k,1107,89,base,3.030348539352417
openpangu,gsm8k,1107,90,base,2.407092332839966
openpangu,gsm8k,1107,91,base,2.9689533710479736
openpangu,gsm8k,1107,92,base,2.6012685298919678
openpangu,gsm8k,1107,93,base,2.6881678104400635
openpangu,gsm8k,1107,94,base,3.5040242671966553
openpangu,gsm8k,1107,95,base,2.968235492706299
openpangu,gsm8k,1107,96,base,2.7930119037628174
openpangu,gsm8k,1107,97,base,3.1943445205688477
openpangu,gsm8k,1107,98,base,2.4067893028259277
openpangu,gsm8k,1107,99,base,2.721165657043457
openpangu,gsm8k,1107,0,peft_default,3.671146869659424
openpangu,gsm8k,1107,1,peft_default,3.7457563877105713
openpangu,gsm8k,1107,2,peft_default,3.1277995109558105
openpangu,gsm8k,1107,3,peft_default,2.1415536403656006
openpangu,gsm8k,1107,4,peft_default,3.3127057552337646
openpangu,gsm8k,1107,5,peft_default,2.9659745693206787
openpangu,gsm8k,1107,6,peft_default,2.83516526222229
openpangu,gsm8k,1107,7,peft_default,2.854264974594116
openpangu,gsm8k,1107,8,peft_default,3.279109477996826
openpangu,gsm8k,1107,9,peft_default,2.494776964187622
openpangu,gsm8k,1107,10,peft_default,2.6988470554351807
openpangu,gsm8k,1107,11,peft_default,2.5692474842071533
openpangu,gsm8k,1107,12,peft_default,3.309849262237549
openpangu,gsm8k,1107,13,peft_default,3.337986469268799
openpangu,gsm8k,1107,14,peft_default,2.6711082458496094
openpangu,gsm8k,1107,15,peft_default,2.7724609375
openpangu,gsm8k,1107,16,peft_default,3.3978750705718994
openpangu,gsm8k,1107,17,peft_default,2.274819850921631
openpangu,gsm8k,1107,18,peft_default,2.2515337467193604
openpangu,gsm8k,1107,19,peft_default,2.981741428375244
openpangu,gsm8k,1107,20,peft_default,2.6544852256774902
openpangu,gsm8k,1107,21,peft_default,2.201997756958008
openpangu,gsm8k,1107,22,peft_default,2.834113359451294
openpangu,gsm8k,1107,23,peft_default,2.376223564147949
openpangu,gsm8k,1107,24,peft_default,3.5868778228759766
openpangu,gsm8k,1107,25,peft_default,2.9553444385528564
openpangu,gsm8k,1107,26,peft_default,3.348092794418335
openpangu,gsm8k,1107,27,peft_default,3.0424277782440186
openpangu,gsm8k,1107,28,peft_default,2.4699490070343018
openpangu,gsm8k,1107,29,peft_default,1.9463410377502441
openpangu,gsm8k,1107,30,peft_default,2.6472346782684326
openpangu,gsm8k,1107,31,peft_default,2.1255764961242676
openpangu,gsm8k,1107,32,peft_default,2.7240593433380127
openpangu,gsm8k,1107,33,peft_default,2.293443441390991
openpangu,gsm8k,1107,34,peft_default,3.1097726821899414
openpangu,gsm8k,1107,35,peft_default,3.764979124069214
openpangu,gsm8k,1107,36,peft_default,3.154252529144287
openpangu,gsm8k,1107,37,peft_default,2.326284885406494
openpangu,gsm8k,1107,38,peft_default,3.965989112854004
openpangu,gsm8k,1107,39,peft_default,2.3423261642456055
openpangu,gsm8k,1107,40,peft_default,2.5998623371124268
openpangu,gsm8k,1107,41,peft_default,2.8869996070861816
openpangu,gsm8k,1107,42,peft_default,2.7753915786743164
openpangu,gsm8k,1107,43,peft_default,2.3866117000579834
openpangu,gsm8k,1107,44,peft_default,2.8031861782073975
openpangu,gsm8k,1107,45,peft_default,2.237367868423462
openpangu,gsm8k,1107,46,peft_default,2.134387969970703
openpangu,gsm8k,1107,47,peft_default,2.812311887741089
openpangu,gsm8k,1107,48,peft_default,3.775430917739868
openpangu,gsm8k,1107,49,peft_default,4.103571891784668
openpangu,gsm8k,1107,50,peft_default,2.7683651447296143
openpangu,gsm8k,1107,51,peft_default,2.2411067485809326
openpangu,gsm8k,1107,52,peft_default,3.115994930267334
openpangu,gsm8k,1107,53,peft_default,1.984717845916748
openpangu,gsm8k,1107,54,peft_default,2.8696444034576416
openpangu,gsm8k,1107,55,peft_default,2.2698235511779785
openpangu,gsm8k,1107,56,peft_default,2.8257970809936523
openpangu,gsm8k,1107,57,peft_default,1.952062726020813
openpangu,gsm8k,1107,58,peft_default,2.430039882659912
openpangu,gsm8k,1107,59,peft_default,2.9111104011535645
openpangu,gsm8k,1107,60,peft_default,2.578998327255249
openpangu,gsm8k,1107,61,peft_default,2.762507915496826
openpangu,gsm8k,1107,62,peft_default,2.7267911434173584
openpangu,gsm8k,1107,63,peft_default,2.8853790760040283
openpangu,gsm8k,1107,64,peft_default,2.9387340545654297
openpangu,gsm8k,1107,65,peft_default,3.170318603515625
openpangu,gsm8k,1107,66,peft_default,2.738248348236084
openpangu,gsm8k,1107,67,peft_default,2.477663993835449
openpangu,gsm8k,1107,68,peft_default,3.1539416313171387
openpangu,gsm8k,1107,69,peft_default,3.0492286682128906
openpangu,gsm8k,1107,70,peft_default,4.109864711761475
openpangu,gsm8k,1107,71,peft_default,3.107389211654663
openpangu,gsm8k,1107,72,peft_default,2.5927605628967285
openpangu,gsm8k,1107,73,peft_default,3.732570171356201
openpangu,gsm8k,1107,74,peft_default,2.4972083568573
openpangu,gsm8k,1107,75,peft_default,2.258718490600586
openpangu,gsm8k,1107,76,peft_default,2.973419189453125
openpangu,gsm8k,1107,77,peft_default,3.294238805770874
openpangu,gsm8k,1107,78,peft_default,3.5538241863250732
openpangu,gsm8k,1107,79,peft_default,3.6025497913360596
openpangu,gsm8k,1107,80,peft_default,3.0006887912750244
openpangu,gsm8k,1107,81,peft_default,1.9765843152999878
openpangu,gsm8k,1107,82,peft_default,3.2369532585144043
openpangu,gsm8k,1107,83,peft_default,2.583688259124756
openpangu,gsm8k,1107,84,peft_default,4.499544143676758
openpangu,gsm8k,1107,85,peft_default,3.2304792404174805
openpangu,gsm8k,1107,86,peft_default,3.9264044761657715
openpangu,gsm8k,1107,87,peft_default,3.466071128845215
openpangu,gsm8k,1107,88,peft_default,4.266677379608154
openpangu,gsm8k,1107,89,peft_default,3.030348539352417
openpangu,gsm8k,1107,90,peft_default,2.407092332839966
openpangu,gsm8k,1107,91,peft_default,2.9689533710479736
openpangu,gsm8k,1107,92,peft_default,2.6012685298919678
openpangu,gsm8k,1107,93,peft_default,2.6881678104400635
openpangu,gsm8k,1107,94,peft_default,3.5040242671966553
openpangu,gsm8k,1107,95,peft_default,2.968235492706299
openpangu,gsm8k,1107,96,peft_default,2.7930119037628174
openpangu,gsm8k,1107,97,peft_default,3.1943445205688477
openpangu,gsm8k,1107,98,peft_default,2.4067893028259277
openpangu,gsm8k,1107,99,peft_default,2.721165657043457
openpangu,gsm8k,1107,0,powerlaw_global_a06,3.671146869659424
openpangu,gsm8k,1107,1,powerlaw_global_a06,3.7457563877105713
openpangu,gsm8k,1107,2,powerlaw_global_a06,3.1277995109558105
openpangu,gsm8k,1107,3,powerlaw_global_a06,2.1415536403656006
openpangu,gsm8k,1107,4,powerlaw_global_a06,3.3127057552337646
openpangu,gsm8k,1107,5,powerlaw_global_a06,2.9659745693206787
openpangu,gsm8k,1107,6,powerlaw_global_a06,2.83516526222229
openpangu,gsm8k,1107,7,powerlaw_global_a06,2.854264974594116
openpangu,gsm8k,1107,8,powerlaw_global_a06,3.279109477996826
openpangu,gsm8k,1107,9,powerlaw_global_a06,2.494776964187622
openpangu,gsm8k,1107,10,powerlaw_global_a06,2.6988470554351807
openpangu,gsm8k,1107,11,powerlaw_global_a06,2.5692474842071533
openpangu,gsm8k,1107,12,powerlaw_global_a06,3.309849262237549
openpangu,gsm8k,1107,13,powerlaw_global_a06,3.337986469268799
openpangu,gsm8k,1107,14,powerlaw_global_a06,2.6711082458496094
openpangu,gsm8k,1107,15,powerlaw_global_a06,2.7724609375
openpangu,gsm8k,1107,16,powerlaw_global_a06,3.3978750705718994
openpangu,gsm8k,1107,17,powerlaw_global_a06,2.274819850921631
openpangu,gsm8k,1107,18,powerlaw_global_a06,2.2515337467193604
openpangu,gsm8k,1107,19,powerlaw_global_a06,2.981741428375244
openpangu,gsm8k,1107,20,powerlaw_global_a06,2.6544852256774902
openpangu,gsm8k,1107,21,powerlaw_global_a06,2.201997756958008
openpangu,gsm8k,1107,22,powerlaw_global_a06,2.834113359451294
openpangu,gsm8k,1107,23,powerlaw_global_a06,2.376223564147949
openpangu,gsm8k,1107,24,powerlaw_global_a06,3.5868778228759766
openpangu,gsm8k,1107,25,powerlaw_global_a06,2.9553444385528564
openpangu,gsm8k,1107,26,powerlaw_global_a06,3.348092794418335
openpangu,gsm8k,1107,27,powerlaw_global_a06,3.0424277782440186
openpangu,gsm8k,1107,28,powerlaw_global_a06,2.4699490070343018
openpangu,gsm8k,1107,29,powerlaw_global_a06,1.9463410377502441
openpangu,gsm8k,1107,30,powerlaw_global_a06,2.6472346782684326
openpangu,gsm8k,1107,31,powerlaw_global_a06,2.1255764961242676
openpangu,gsm8k,1107,32,powerlaw_global_a06,2.7240593433380127
openpangu,gsm8k,1107,33,powerlaw_global_a06,2.293443441390991
openpangu,gsm8k,1107,34,powerlaw_global_a06,3.1097726821899414
openpangu,gsm8k,1107,35,powerlaw_global_a06,3.764979124069214
openpangu,gsm8k,1107,36,powerlaw_global_a06,3.154252529144287
openpangu,gsm8k,1107,37,powerlaw_global_a06,2.326284885406494
openpangu,gsm8k,1107,38,powerlaw_global_a06,3.965989112854004
openpangu,gsm8k,1107,39,powerlaw_global_a06,2.3423261642456055
openpangu,gsm8k,1107,40,powerlaw_global_a06,2.5998623371124268
openpangu,gsm8k,1107,41,powerlaw_global_a06,2.8869996070861816
openpangu,gsm8k,1107,42,powerlaw_global_a06,2.7753915786743164
openpangu,gsm8k,1107,43,powerlaw_global_a06,2.3866117000579834
openpangu,gsm8k,1107,44,powerlaw_global_a06,2.8031861782073975
openpangu,gsm8k,1107,45,powerlaw_global_a06,2.237367868423462
openpangu,gsm8k,1107,46,powerlaw_global_a06,2.134387969970703
openpangu,gsm8k,1107,47,powerlaw_global_a06,2.812311887741089
openpangu,gsm8k,1107,48,powerlaw_global_a06,3.775430917739868
openpangu,gsm8k,1107,49,powerlaw_global_a06,4.103571891784668
openpangu,gsm8k,1107,50,powerlaw_global_a06,2.7683651447296143
openpangu,gsm8k,1107,51,powerlaw_global_a06,2.2411067485809326
openpangu,gsm8k,1107,52,powerlaw_global_a06,3.115994930267334
openpangu,gsm8k,1107,53,powerlaw_global_a06,1.984717845916748
openpangu,gsm8k,1107,54,powerlaw_global_a06,2.8696444034576416
openpangu,gsm8k,1107,55,powerlaw_global_a06,2.2698235511779785
openpangu,gsm8k,1107,56,powerlaw_global_a06,2.8257970809936523
openpangu,gsm8k,1107,57,powerlaw_global_a06,1.952062726020813
openpangu,gsm8k,1107,58,powerlaw_global_a06,2.430039882659912
openpangu,gsm8k,1107,59,powerlaw_global_a06,2.9111104011535645
openpangu,gsm8k,1107,60,powerlaw_global_a06,2.578998327255249
openpangu,gsm8k,1107,61,powerlaw_global_a06,2.762507915496826
openpangu,gsm8k,1107,62,powerlaw_global_a06,2.7267911434173584
openpangu,gsm8k,1107,63,powerlaw_global_a06,2.8853790760040283
openpangu,gsm8k,1107,64,powerlaw_global_a06,2.9387340545654297
openpangu,gsm8k,1107,65,powerlaw_global_a06,3.170318603515625
openpangu,gsm8k,1107,66,powerlaw_global_a06,2.738248348236084
openpangu,gsm8k,1107,67,powerlaw_global_a06,2.477663993835449
openpangu,gsm8k,1107,68,powerlaw_global_a06,3.1539416313171387
openpangu,gsm8k,1107,69,powerlaw_global_a06,3.0492286682128906
openpangu,gsm8k,1107,70,powerlaw_global_a06,4.109864711761475
openpangu,gsm8k,1107,71,powerlaw_global_a06,3.107389211654663
openpangu,gsm8k,1107,72,powerlaw_global_a06,2.5927605628967285
openpangu,gsm8k,1107,73,powerlaw_global_a06,3.732570171356201
openpangu,gsm8k,1107,74,powerlaw_global_a06,2.4972083568573
openpangu,gsm8k,1107,75,powerlaw_global_a06,2.258718490600586
openpangu,gsm8k,1107,76,powerlaw_global_a06,2.973419189453125
openpangu,gsm8k,1107,77,powerlaw_global_a06,3.294238805770874
openpangu,gsm8k,1107,78,powerlaw_global_a06,3.5538241863250732
openpangu,gsm8k,1107,79,powerlaw_global_a06,3.6025497913360596
openpangu,gsm8k,1107,80,powerlaw_global_a06,3.0006887912750244
openpangu,gsm8k,1107,81,powerlaw_global_a06,1.9765843152999878
openpangu,gsm8k,1107,82,powerlaw_global_a06,3.2369532585144043
openpangu,gsm8k,1107,83,powerlaw_global_a06,2.583688259124756
openpangu,gsm8k,1107,84,powerlaw_global_a06,4.499544143676758
openpangu,gsm8k,1107,85,powerlaw_global_a06,3.2304792404174805
openpangu,gsm8k,1107,86,powerlaw_global_a06,3.9264044761657715
openpangu,gsm8k,1107,87,powerlaw_global_a06,3.466071128845215
openpangu,gsm8k,1107,88,powerlaw_global_a06,4.266677379608154
openpangu,gsm8k,1107,89,powerlaw_global_a06,3.030348539352417
openpangu,gsm8k,1107,90,powerlaw_global_a06,2.407092332839966
openpangu,gsm8k,1107,91,powerlaw_global_a06,2.9689533710479736
openpangu,gsm8k,1107,92,powerlaw_global_a06,2.6012685298919678
openpangu,gsm8k,1107,93,powerlaw_global_a06,2.6881678104400635
openpangu,gsm8k,1107,94,powerlaw_global_a06,3.5040242671966553
openpangu,gsm8k,1107,95,powerlaw_global_a06,2.968235492706299
openpangu,gsm8k,1107,96,powerlaw_global_a06,2.7930119037628174
openpangu,gsm8k,1107,97,powerlaw_global_a06,3.1943445205688477
openpangu,gsm8k,1107,98,powerlaw_global_a06,2.4067893028259277
openpangu,gsm8k,1107,99,powerlaw_global_a06,2.721165657043457
qwen,cmmlu,1107,0,base,1.8379878997802734
qwen,cmmlu,1107,1,base,1.5181576013565063
qwen,cmmlu,1107,2,base,1.5263547897338867
qwen,cmmlu,1107,3,base,1.311177372932434
qwen,cmmlu,1107,4,base,1.7905395030975342
qwen,cmmlu,1107,5,base,0.8688983917236328
qwen,cmmlu,1107,6,base,1.5086662769317627
qwen,cmmlu,1107,7,base,1.1916186809539795
qwen,cmmlu,1107,8,base,1.3218532800674438
qwen,cmmlu,1107,9,base,1.6333835124969482
qwen,cmmlu,1107,10,base,3.5893137454986572
qwen,cmmlu,1107,11,base,3.405552387237549
qwen,cmmlu,1107,12,base,2.789811611175537
qwen,cmmlu,1107,13,base,2.9007608890533447
qwen,cmmlu,1107,14,base,1.1781100034713745
qwen,cmmlu,1107,15,base,1.3100807666778564
qwen,cmmlu,1107,16,base,1.7096530199050903
qwen,cmmlu,1107,17,base,1.5532269477844238
qwen,cmmlu,1107,18,base,1.151548981666565
qwen,cmmlu,1107,19,base,1.5670850276947021
qwen,cmmlu,1107,20,base,1.9050875902175903
qwen,cmmlu,1107,21,base,1.9449670314788818
qwen,cmmlu,1107,22,base,1.856677532196045
qwen,cmmlu,1107,23,base,2.2053637504577637
qwen,cmmlu,1107,24,base,1.7554875612258911
qwen,cmmlu,1107,25,base,1.542145848274231
qwen,cmmlu,1107,26,base,1.6286280155181885
qwen,cmmlu,1107,27,base,2.31512451171875
qwen,cmmlu,1107,28,base,1.5561579465866089
qwen,cmmlu,1107,29,base,2.210069417953491
qwen,cmmlu,1107,30,base,0.7689336538314819
qwen,cmmlu,1107,31,base,1.2706091403961182
qwen,cmmlu,1107,32,base,1.1964279413223267
qwen,cmmlu,1107,33,base,0.9383296370506287
qwen,cmmlu,1107,34,base,1.286983609199524
qwen,cmmlu,1107,35,base,1.013721227645874
qwen,cmmlu,1107,36,base,0.9251895546913147
qwen,cmmlu,1107,37,base,0.8239830136299133
qwen,cmmlu,1107,38,base,1.014552354812622
qwen,cmmlu,1107,39,base,0.8151019811630249
qwen,cmmlu,1107,40,base,1.4532384872436523
qwen,cmmlu,1107,41,base,1.5590488910675049
qwen,cmmlu,1107,42,base,1.716506004333496
qwen,cmmlu,1107,43,base,1.6008025407791138
qwen,cmmlu,1107,44,base,1.597032904624939
qwen,cmmlu,1107,45,base,1.6160463094711304
qwen,cmmlu,1107,46,base,1.6110548973083496
qwen,cmmlu,1107,47,base,1.5760972499847412
qwen,cmmlu,1107,48,base,2.127784490585327
qwen,cmmlu,1107,49,base,1.6569199562072754
qwen,cmmlu,1107,50,base,0.7385130524635315
qwen,cmmlu,1107,51,base,1.970502495765686
qwen,cmmlu,1107,52,base,1.7456917762756348
qwen,cmmlu,1107,53,base,1.5366637706756592
qwen,cmmlu,1107,54,base,1.9084537029266357
qwen,cmmlu,1107,55,base,2.3308701515197754
qwen,cmmlu,1107,56,base,1.820397973060608
qwen,cmmlu,1107,57,base,1.5072027444839478
qwen,cmmlu,1107,58,base,1.4655917882919312
qwen,cmmlu,1107,59,base,1.364980936050415
qwen,cmmlu,1107,60,base,1.5969117879867554
qwen,cmmlu,1107,61,base,0.9113045930862427
qwen,cmmlu,1107,62,base,0.9169566035270691
qwen,cmmlu,1107,63,base,1.2401329278945923
qwen,cmmlu,1107,64,base,0.8466230034828186
qwen,cmmlu,1107,65,base,1.510551929473877
qwen,cmmlu,1107,66,base,1.753937005996704
qwen,cmmlu,1107,67,base,1.5592868328094482
qwen,cmmlu,1107,68,base,1.9401144981384277
qwen,cmmlu,1107,69,base,1.6529395580291748
qwen,cmmlu,1107,70,base,2.299116611480713
qwen,cmmlu,1107,71,base,1.441067099571228
qwen,cmmlu,1107,72,base,1.7251416444778442
qwen,cmmlu,1107,73,base,1.3930221796035767
qwen,cmmlu,1107,74,base,1.8688366413116455
qwen,cmmlu,1107,75,base,1.6481542587280273
qwen,cmmlu,1107,76,base,1.6058564186096191
qwen,cmmlu,1107,77,base,1.5060704946517944
qwen,cmmlu,1107,78,base,2.4754199981689453
qwen,cmmlu,1107,79,base,1.8741997480392456
qwen,cmmlu,1107,80,base,1.86614191532135
qwen,cmmlu,1107,81,base,1.5831029415130615
qwen,cmmlu,1107,82,base,1.7984691858291626
qwen,cmmlu,1107,83,base,2.105813503265381
qwen,cmmlu,1107,84,base,1.7577542066574097
qwen,cmmlu,1107,85,base,0.9474448561668396
qwen,cmmlu,1107,86,base,1.579270362854004
qwen,cmmlu,1107,87,base,1.9468616247177124
qwen,cmmlu,1107,88,base,1.455206274986267
qwen,cmmlu,1107,89,base,1.5591784715652466
qwen,cmmlu,1107,90,base,1.4788974523544312
qwen,cmmlu,1107,91,base,1.5544610023498535
qwen,cmmlu,1107,92,base,1.0539121627807617
qwen,cmmlu,1107,93,base,1.520676851272583
qwen,cmmlu,1107,94,base,1.5061061382293701
qwen,cmmlu,1107,95,base,2.4213650226593018
qwen,cmmlu,1107,96,base,1.995665192604065
qwen,cmmlu,1107,97,base,2.1514744758605957
qwen,cmmlu,1107,98,base,1.2215824127197266
qwen,cmmlu,1107,99,base,1.925488829612732
qwen,cmmlu,1107,0,peft_default,1.8379878997802734
qwen,cmmlu,1107,1,peft_default,1.5181576013565063
qwen,cmmlu,1107,2,peft_default,1.5263547897338867
qwen,cmmlu,1107,3,peft_default,1.311177372932434
qwen,cmmlu,1107,4,peft_default,1.7905395030975342
qwen,cmmlu,1107,5,peft_default,0.8688983917236328
qwen,cmmlu,1107,6,peft_default,1.5086662769317627
qwen,cmmlu,1107,7,peft_default,1.1916186809539795
qwen,cmmlu,1107,8,peft_default,1.3218532800674438
qwen,cmmlu,1107,9,peft_default,1.6333835124969482
qwen,cmmlu,1107,10,peft_default,3.5893137454986572
qwen,cmmlu,1107,11,peft_default,3.405552387237549
qwen,cmmlu,1107,12,peft_default,2.789811611175537
qwen,cmmlu,1107,13,peft_default,2.9007608890533447
qwen,cmmlu,1107,14,peft_default,1.1781100034713745
qwen,cmmlu,1107,15,peft_default,1.3100807666778564
qwen,cmmlu,1107,16,peft_default,1.7096530199050903
qwen,cmmlu,1107,17,peft_default,1.5532269477844238
qwen,cmmlu,1107,18,peft_default,1.151548981666565
qwen,cmmlu,1107,19,peft_default,1.5670850276947021
qwen,cmmlu,1107,20,peft_default,1.9050875902175903
qwen,cmmlu,1107,21,peft_default,1.9449670314788818
qwen,cmmlu,1107,22,peft_default,1.856677532196045
qwen,cmmlu,1107,23,peft_default,2.2053637504577637
qwen,cmmlu,1107,24,peft_default,1.7554875612258911
qwen,cmmlu,1107,25,peft_default,1.542145848274231
qwen,cmmlu,1107,26,peft_default,1.6286280155181885
qwen,cmmlu,1107,27,peft_default,2.31512451171875
qwen,cmmlu,1107,28,peft_default,1.5561579465866089
qwen,cmmlu,1107,29,peft_default,2.210069417953491
qwen,cmmlu,1107,30,peft_default,0.7689336538314819
qwen,cmmlu,1107,31,peft_default,1.2706091403961182
qwen,cmmlu,1107,32,peft_default,1.1964279413223267
qwen,cmmlu,1107,33,peft_default,0.9383296370506287
qwen,cmmlu,1107,34,peft_default,1.286983609199524
qwen,cmmlu,1107,35,peft_default,1.013721227645874
qwen,cmmlu,1107,36,peft_default,0.9251895546913147
qwen,cmmlu,1107,37,peft_default,0.8239830136299133
qwen,cmmlu,1107,38,peft_default,1.014552354812622
qwen,cmmlu,1107,39,peft_default,0.8151019811630249
qwen,cmmlu,1107,40,peft_default,1.4532384872436523
qwen,cmmlu,1107,41,peft_default,1.5590488910675049
qwen,cmmlu,1107,42,peft_default,1.716506004333496
qwen,cmmlu,1107,43,peft_default,1.6008025407791138
qwen,cmmlu,1107,44,peft_default,1.597032904624939
qwen,cmmlu,1107,45,peft_default,1.6160463094711304
qwen,cmmlu,1107,46,peft_default,1.6110548973083496
qwen,cmmlu,1107,47,peft_default,1.5760972499847412
qwen,cmmlu,1107,48,peft_default,2.127784490585327
qwen,cmmlu,1107,49,peft_default,1.6569199562072754
qwen,cmmlu,1107,50,peft_default,0.7385130524635315
qwen,cmmlu,1107,51,peft_default,1.970502495765686
qwen,cmmlu,1107,52,peft_default,1.7456917762756348
qwen,cmmlu,1107,53,peft_default,1.5366637706756592
qwen,cmmlu,1107,54,peft_default,1.9084537029266357
qwen,cmmlu,1107,55,peft_default,2.3308701515197754
qwen,cmmlu,1107,56,peft_default,1.820397973060608
qwen,cmmlu,1107,57,peft_default,1.5072027444839478
qwen,cmmlu,1107,58,peft_default,1.4655917882919312
qwen,cmmlu,1107,59,peft_default,1.364980936050415
qwen,cmmlu,1107,60,peft_default,1.5969117879867554
qwen,cmmlu,1107,61,peft_default,0.9113045930862427
qwen,cmmlu,1107,62,peft_default,0.9169566035270691
qwen,cmmlu,1107,63,peft_default,1.2401329278945923
qwen,cmmlu,1107,64,peft_default,0.8466230034828186
qwen,cmmlu,1107,65,peft_default,1.510551929473877
qwen,cmmlu,1107,66,peft_default,1.753937005996704
qwen,cmmlu,1107,67,peft_default,1.5592868328094482
qwen,cmmlu,1107,68,peft_default,1.9401144981384277
qwen,cmmlu,1107,69,peft_default,1.6529395580291748
qwen,cmmlu,1107,70,peft_default,2.299116611480713
qwen,cmmlu,1107,71,peft_default,1.441067099571228
qwen,cmmlu,1107,72,peft_default,1.7251416444778442
qwen,cmmlu,1107,73,peft_default,1.3930221796035767
qwen,cmmlu,1107,74,peft_default,1.8688366413116455
qwen,cmmlu,1107,75,peft_default,1.6481542587280273
qwen,cmmlu,1107,76,peft_default,1.6058564186096191
qwen,cmmlu,1107,77,peft_default,1.5060704946517944
qwen,cmmlu,1107,78,peft_default,2.4754199981689453
qwen,cmmlu,1107,79,peft_default,1.8741997480392456
qwen,cmmlu,1107,80,peft_default,1.86614191532135
qwen,cmmlu,1107,81,peft_default,1.5831029415130615
qwen,cmmlu,1107,82,peft_default,1.7984691858291626
qwen,cmmlu,1107,83,peft_default,2.105813503265381
qwen,cmmlu,1107,84,peft_default,1.7577542066574097
qwen,cmmlu,1107,85,peft_default,0.9474448561668396
qwen,cmmlu,1107,86,peft_default,1.579270362854004
qwen,cmmlu,1107,87,peft_default,1.9468616247177124
qwen,cmmlu,1107,88,peft_default,1.455206274986267
qwen,cmmlu,1107,89,peft_default,1.5591784715652466
qwen,cmmlu,1107,90,peft_default,1.4788974523544312
qwen,cmmlu,1107,91,peft_default,1.5544610023498535
qwen,cmmlu,1107,92,peft_default,1.0539121627807617
qwen,cmmlu,1107,93,peft_default,1.520676851272583
qwen,cmmlu,1107,94,peft_default,1.5061061382293701
qwen,cmmlu,1107,95,peft_default,2.4213650226593018
qwen,cmmlu,1107,96,peft_default,1.995665192604065
qwen,cmmlu,1107,97,peft_default,2.1514744758605957
qwen,cmmlu,1107,98,peft_default,1.2215824127197266
qwen,cmmlu,1107,99,peft_default,1.925488829612732
qwen,cmmlu,1107,0,powerlaw_global_a06,1.8379878997802734
qwen,cmmlu,1107,1,powerlaw_global_a06,1.5181576013565063
qwen,cmmlu,1107,2,powerlaw_global_a06,1.5263547897338867
qwen,cmmlu,1107,3,powerlaw_global_a06,1.311177372932434
qwen,cmmlu,1107,4,powerlaw_global_a06,1.7905395030975342
qwen,cmmlu,1107,5,powerlaw_global_a06,0.8688983917236328
qwen,cmmlu,1107,6,powerlaw_global_a06,1.5086662769317627
qwen,cmmlu,1107,7,powerlaw_global_a06,1.1916186809539795
qwen,cmmlu,1107,8,powerlaw_global_a06,1.3218532800674438
qwen,cmmlu,1107,9,powerlaw_global_a06,1.6333835124969482
qwen,cmmlu,1107,10,powerlaw_global_a06,3.5893137454986572
qwen,cmmlu,1107,11,powerlaw_global_a06,3.405552387237549
qwen,cmmlu,1107,12,powerlaw_global_a06,2.789811611175537
qwen,cmmlu,1107,13,powerlaw_global_a06,2.9007608890533447
qwen,cmmlu,1107,14,powerlaw_global_a06,1.1781100034713745
qwen,cmmlu,1107,15,powerlaw_global_a06,1.3100807666778564
qwen,cmmlu,1107,16,powerlaw_global_a06,1.7096530199050903
qwen,cmmlu,1107,17,powerlaw_global_a06,1.5532269477844238
qwen,cmmlu,1107,18,powerlaw_global_a06,1.151548981666565
qwen,cmmlu,1107,19,powerlaw_global_a06,1.5670850276947021
qwen,cmmlu,1107,20,powerlaw_global_a06,1.9050875902175903
qwen,cmmlu,1107,21,powerlaw_global_a06,1.9449670314788818
qwen,cmmlu,1107,22,powerlaw_global_a06,1.856677532196045
qwen,cmmlu,1107,23,powerlaw_global_a06,2.2053637504577637
qwen,cmmlu,1107,24,powerlaw_global_a06,1.7554875612258911
qwen,cmmlu,1107,25,powerlaw_global_a06,1.542145848274231
qwen,cmmlu,1107,26,powerlaw_global_a06,1.6286280155181885
qwen,cmmlu,1107,27,powerlaw_global_a06,2.31512451171875
qwen,cmmlu,1107,28,powerlaw_global_a06,1.5561579465866089
qwen,cmmlu,1107,29,powerlaw_global_a06,2.210069417953491
qwen,cmmlu,1107,30,powerlaw_global_a06,0.7689336538314819
qwen,cmmlu,1107,31,powerlaw_global_a06,1.2706091403961182
qwen,cmmlu,1107,32,powerlaw_global_a06,1.1964279413223267
qwen,cmmlu,1107,33,powerlaw_global_a06,0.9383296370506287
qwen,cmmlu,1107,34,powerlaw_global_a06,1.286983609199524
qwen,cmmlu,1107,35,powerlaw_global_a06,1.013721227645874
qwen,cmmlu,1107,36,powerlaw_global_a06,0.9251895546913147
qwen,cmmlu,1107,37,powerlaw_global_a06,0.8239830136299133
qwen,cmmlu,1107,38,powerlaw_global_a06,1.014552354812622
qwen,cmmlu,1107,39,powerlaw_global_a06,0.8151019811630249
qwen,cmmlu,1107,40,powerlaw_global_a06,1.4532384872436523
qwen,cmmlu,1107,41,powerlaw_global_a06,1.5590488910675049
qwen,cmmlu,1107,42,powerlaw_global_a06,1.716506004333496
qwen,cmmlu,1107,43,powerlaw_global_a06,1.6008025407791138
qwen,cmmlu,1107,44,powerlaw_global_a06,1.597032904624939
qwen,cmmlu,1107,45,powerlaw_global_a06,1.6160463094711304
qwen,cmmlu,1107,46,powerlaw_global_a06,1.6110548973083496
qwen,cmmlu,1107,47,powerlaw_global_a06,1.5760972499847412
qwen,cmmlu,1107,48,powerlaw_global_a06,2.127784490585327
qwen,cmmlu,1107,49,powerlaw_global_a06,1.6569199562072754
qwen,cmmlu,1107,50,powerlaw_global_a06,0.7385130524635315
qwen,cmmlu,1107,51,powerlaw_global_a06,1.970502495765686
qwen,cmmlu,1107,52,powerlaw_global_a06,1.7456917762756348
qwen,cmmlu,1107,53,powerlaw_global_a06,1.5366637706756592
qwen,cmmlu,1107,54,powerlaw_global_a06,1.9084537029266357
qwen,cmmlu,1107,55,powerlaw_global_a06,2.3308701515197754
qwen,cmmlu,1107,56,powerlaw_global_a06,1.820397973060608
qwen,cmmlu,1107,57,powerlaw_global_a06,1.5072027444839478
qwen,cmmlu,1107,58,powerlaw_global_a06,1.4655917882919312
qwen,cmmlu,1107,59,powerlaw_global_a06,1.364980936050415
qwen,cmmlu,1107,60,powerlaw_global_a06,1.5969117879867554
qwen,cmmlu,1107,61,powerlaw_global_a06,0.9113045930862427
qwen,cmmlu,1107,62,powerlaw_global_a06,0.9169566035270691
qwen,cmmlu,1107,63,powerlaw_global_a06,1.2401329278945923
qwen,cmmlu,1107,64,powerlaw_global_a06,0.8466230034828186
qwen,cmmlu,1107,65,powerlaw_global_a06,1.510551929473877
qwen,cmmlu,1107,66,powerlaw_global_a06,1.753937005996704
qwen,cmmlu,1107,67,powerlaw_global_a06,1.5592868328094482
qwen,cmmlu,1107,68,powerlaw_global_a06,1.9401144981384277
qwen,cmmlu,1107,69,powerlaw_global_a06,1.6529395580291748
qwen,cmmlu,1107,70,powerlaw_global_a06,2.299116611480713
qwen,cmmlu,1107,71,powerlaw_global_a06,1.441067099571228
qwen,cmmlu,1107,72,powerlaw_global_a06,1.7251416444778442
qwen,cmmlu,1107,73,powerlaw_global_a06,1.3930221796035767
qwen,cmmlu,1107,74,powerlaw_global_a06,1.8688366413116455
qwen,cmmlu,1107,75,powerlaw_global_a06,1.6481542587280273
qwen,cmmlu,1107,76,powerlaw_global_a06,1.6058564186096191
qwen,cmmlu,1107,77,powerlaw_global_a06,1.5060704946517944
qwen,cmmlu,1107,78,powerlaw_global_a06,2.4754199981689453
qwen,cmmlu,1107,79,powerlaw_global_a06,1.8741997480392456
qwen,cmmlu,1107,80,powerlaw_global_a06,1.86614191532135
qwen,cmmlu,1107,81,powerlaw_global_a06,1.5831029415130615
qwen,cmmlu,1107,82,powerlaw_global_a06,1.7984691858291626
qwen,cmmlu,1107,83,powerlaw_global_a06,2.105813503265381
qwen,cmmlu,1107,84,powerlaw_global_a06,1.7577542066574097
qwen,cmmlu,1107,85,powerlaw_global_a06,0.9474448561668396
qwen,cmmlu,1107,86,powerlaw_global_a06,1.579270362854004
qwen,cmmlu,1107,87,powerlaw_global_a06,1.9468616247177124
qwen,cmmlu,1107,88,powerlaw_global_a06,1.455206274986267
qwen,cmmlu,1107,89,powerlaw_global_a06,1.5591784715652466
qwen,cmmlu,1107,90,powerlaw_global_a06,1.4788974523544312
qwen,cmmlu,1107,91,powerlaw_global_a06,1.5544610023498535
qwen,cmmlu,1107,92,powerlaw_global_a06,1.0539121627807617
qwen,cmmlu,1107,93,powerlaw_global_a06,1.520676851272583
qwen,cmmlu,1107,94,powerlaw_global_a06,1.5061061382293701
qwen,cmmlu,1107,95,powerlaw_global_a06,2.4213650226593018
qwen,cmmlu,1107,96,powerlaw_global_a06,1.995665192604065
qwen,cmmlu,1107,97,powerlaw_global_a06,2.1514744758605957
qwen,cmmlu,1107,98,powerlaw_global_a06,1.2215824127197266
qwen,cmmlu,1107,99,powerlaw_global_a06,1.925488829612732
